condition,probe_pid,gallery_pid,label,holistic_dist,eer_threshold,holistic_decision,forensic_class
Lower_Occlusion,0025,0001,impostor,1.043547,0.787105,REJECT,TR
Lower_Occlusion,0025,0003,impostor,0.778679,0.787105,ACCEPT,FA
Lower_Occlusion,0025,0004,impostor,1.032044,0.787105,REJECT,TR
Lower_Occlusion,0025,0005,impostor,1.078422,0.787105,REJECT,TR
Lower_Occlusion,0025,0006,impostor,1.205556,0.787105,REJECT,TR
Lower_Occlusion,0025,0007,impostor,1.050282,0.787105,REJECT,TR
Lower_Occlusion,0025,0009,impostor,1.25955,0.787105,REJECT,TR
Lower_Occlusion,0025,0010,impostor,0.969772,0.787105,REJECT,TR
Lower_Occlusion,0025,0011,impostor,0.843778,0.787105,REJECT,TR
Lower_Occlusion,0025,0012,impostor,1.016216,0.787105,REJECT,TR
Lower_Occlusion,0025,0013,impostor,0.863554,0.787105,REJECT,TR
Lower_Occlusion,0025,0014,impostor,1.03256,0.787105,REJECT,TR
Lower_Occlusion,0025,0015,impostor,0.93517,0.787105,REJECT,TR
Lower_Occlusion,0025,0016,impostor,0.92548,0.787105,REJECT,TR
Lower_Occlusion,0025,0017,impostor,1.048927,0.787105,REJECT,TR
Lower_Occlusion,0025,0018,impostor,1.044152,0.787105,REJECT,TR
Lower_Occlusion,0025,0019,impostor,0.930824,0.787105,REJECT,TR
Lower_Occlusion,0025,0020,impostor,0.970006,0.787105,REJECT,TR
Lower_Occlusion,0025,0021,impostor,0.960181,0.787105,REJECT,TR
Lower_Occlusion,0025,0022,impostor,0.995314,0.787105,REJECT,TR
Lower_Occlusion,0025,0023,impostor,0.840447,0.787105,REJECT,TR
Lower_Occlusion,0025,0024,impostor,0.83966,0.787105,REJECT,TR
Lower_Occlusion,0025,0025,genuine,0.548065,0.787105,ACCEPT,TA
Lower_Occlusion,0025,0026,impostor,0.962759,0.787105,REJECT,TR
Lower_Occlusion,0025,0027,impostor,0.964762,0.787105,REJECT,TR
Dual_Occlusion,0018,0001,impostor,0.932483,0.978187,ACCEPT,FA
Dual_Occlusion,0018,0003,impostor,1.00079,0.978187,REJECT,TR
Dual_Occlusion,0018,0004,impostor,1.035102,0.978187,REJECT,TR
Dual_Occlusion,0018,0005,impostor,1.083789,0.978187,REJECT,TR
Dual_Occlusion,0018,0006,impostor,1.148993,0.978187,REJECT,TR
Dual_Occlusion,0018,0007,impostor,0.944844,0.978187,ACCEPT,FA
Dual_Occlusion,0018,0009,impostor,0.868899,0.978187,ACCEPT,FA
Dual_Occlusion,0018,0010,impostor,0.948841,0.978187,ACCEPT,FA
Dual_Occlusion,0018,0011,impostor,1.148905,0.978187,REJECT,TR
Dual_Occlusion,0018,0012,impostor,0.802311,0.978187,ACCEPT,FA
Dual_Occlusion,0018,0013,impostor,0.940338,0.978187,ACCEPT,FA
Dual_Occlusion,0018,0014,impostor,0.899332,0.978187,ACCEPT,FA
Dual_Occlusion,0018,0015,impostor,0.92089,0.978187,ACCEPT,FA
Dual_Occlusion,0018,0016,impostor,0.933995,0.978187,ACCEPT,FA
Dual_Occlusion,0018,0017,impostor,0.990466,0.978187,REJECT,TR
Dual_Occlusion,0018,0018,genuine,0.996072,0.978187,REJECT,FR
Dual_Occlusion,0018,0019,impostor,1.058503,0.978187,REJECT,TR
Dual_Occlusion,0018,0020,impostor,0.945444,0.978187,ACCEPT,FA
Dual_Occlusion,0018,0021,impostor,1.243976,0.978187,REJECT,TR
Dual_Occlusion,0018,0022,impostor,1.040355,0.978187,REJECT,TR
Dual_Occlusion,0018,0023,impostor,1.028339,0.978187,REJECT,TR
Dual_Occlusion,0018,0024,impostor,1.132366,0.978187,REJECT,TR
Dual_Occlusion,0018,0025,impostor,1.18185,0.978187,REJECT,TR
Dual_Occlusion,0018,0026,impostor,1.010561,0.978187,REJECT,TR
Dual_Occlusion,0018,0027,impostor,0.84326,0.978187,ACCEPT,FA
Dual_Occlusion,0018,0001,impostor,0.976933,0.978187,ACCEPT,FA
Dual_Occlusion,0018,0003,impostor,0.957132,0.978187,ACCEPT,FA
Dual_Occlusion,0018,0004,impostor,1.033908,0.978187,REJECT,TR
Dual_Occlusion,0018,0005,impostor,1.13754,0.978187,REJECT,TR
Dual_Occlusion,0018,0006,impostor,1.170427,0.978187,REJECT,TR
Dual_Occlusion,0018,0007,impostor,1.049895,0.978187,REJECT,TR
Dual_Occlusion,0018,0009,impostor,0.896918,0.978187,ACCEPT,FA
Dual_Occlusion,0018,0010,impostor,1.004038,0.978187,REJECT,TR
Dual_Occlusion,0018,0011,impostor,1.14074,0.978187,REJECT,TR
Dual_Occlusion,0018,0012,impostor,0.787438,0.978187,ACCEPT,FA
Dual_Occlusion,0018,0013,impostor,0.965021,0.978187,ACCEPT,FA
Dual_Occlusion,0018,0014,impostor,0.929125,0.978187,ACCEPT,FA
Dual_Occlusion,0018,0015,impostor,0.886258,0.978187,ACCEPT,FA
Dual_Occlusion,0018,0016,impostor,0.992867,0.978187,REJECT,TR
Dual_Occlusion,0018,0017,impostor,1.026514,0.978187,REJECT,TR
Dual_Occlusion,0018,0018,genuine,1.0516,0.978187,REJECT,FR
Dual_Occlusion,0018,0019,impostor,1.154106,0.978187,REJECT,TR
Dual_Occlusion,0018,0020,impostor,0.988841,0.978187,REJECT,TR
Dual_Occlusion,0018,0021,impostor,1.27899,0.978187,REJECT,TR
Dual_Occlusion,0018,0022,impostor,1.015679,0.978187,REJECT,TR
Dual_Occlusion,0018,0023,impostor,1.002121,0.978187,REJECT,TR
Dual_Occlusion,0018,0024,impostor,1.096506,0.978187,REJECT,TR
Dual_Occlusion,0018,0025,impostor,1.197408,0.978187,REJECT,TR
Dual_Occlusion,0018,0026,impostor,0.945352,0.978187,ACCEPT,FA
Dual_Occlusion,0018,0027,impostor,0.800492,0.978187,ACCEPT,FA
Dual_Occlusion,0018,0001,impostor,0.943604,0.978187,ACCEPT,FA
Dual_Occlusion,0018,0003,impostor,0.954857,0.978187,ACCEPT,FA
Dual_Occlusion,0018,0004,impostor,1.023062,0.978187,REJECT,TR
Dual_Occlusion,0018,0005,impostor,1.098545,0.978187,REJECT,TR
Dual_Occlusion,0018,0006,impostor,1.171347,0.978187,REJECT,TR
Dual_Occlusion,0018,0007,impostor,0.990415,0.978187,REJECT,TR
Dual_Occlusion,0018,0009,impostor,0.840742,0.978187,ACCEPT,FA
Dual_Occlusion,0018,0010,impostor,0.942342,0.978187,ACCEPT,FA
Dual_Occlusion,0018,0011,impostor,1.124169,0.978187,REJECT,TR
Dual_Occlusion,0018,0012,impostor,0.787462,0.978187,ACCEPT,FA
Dual_Occlusion,0018,0013,impostor,0.917388,0.978187,ACCEPT,FA
Dual_Occlusion,0018,0014,impostor,0.969065,0.978187,ACCEPT,FA
Dual_Occlusion,0018,0015,impostor,0.913853,0.978187,ACCEPT,FA
Dual_Occlusion,0018,0016,impostor,0.950737,0.978187,ACCEPT,FA
Dual_Occlusion,0018,0017,impostor,0.969933,0.978187,ACCEPT,FA
Dual_Occlusion,0018,0018,genuine,1.035681,0.978187,REJECT,FR
Dual_Occlusion,0018,0019,impostor,1.07057,0.978187,REJECT,TR
Dual_Occlusion,0018,0020,impostor,0.963034,0.978187,ACCEPT,FA
Dual_Occlusion,0018,0021,impostor,1.256862,0.978187,REJECT,TR
Dual_Occlusion,0018,0022,impostor,1.018474,0.978187,REJECT,TR
Dual_Occlusion,0018,0023,impostor,0.988009,0.978187,REJECT,TR
Dual_Occlusion,0018,0024,impostor,1.135903,0.978187,REJECT,TR
Dual_Occlusion,0018,0025,impostor,1.181284,0.978187,REJECT,TR
Dual_Occlusion,0018,0026,impostor,0.990425,0.978187,REJECT,TR
Dual_Occlusion,0018,0027,impostor,0.793826,0.978187,ACCEPT,FA
Dual_Occlusion,0018,0001,impostor,0.95151,0.978187,ACCEPT,FA
Dual_Occlusion,0018,0003,impostor,0.966652,0.978187,ACCEPT,FA
Dual_Occlusion,0018,0004,impostor,1.022478,0.978187,REJECT,TR
Dual_Occlusion,0018,0005,impostor,1.138264,0.978187,REJECT,TR
Dual_Occlusion,0018,0006,impostor,1.189847,0.978187,REJECT,TR
Dual_Occlusion,0018,0007,impostor,0.973702,0.978187,ACCEPT,FA
Dual_Occlusion,0018,0009,impostor,0.893444,0.978187,ACCEPT,FA
Dual_Occlusion,0018,0010,impostor,0.938792,0.978187,ACCEPT,FA
Dual_Occlusion,0018,0011,impostor,1.144483,0.978187,REJECT,TR
Dual_Occlusion,0018,0012,impostor,0.841301,0.978187,ACCEPT,FA
Dual_Occlusion,0018,0013,impostor,0.928427,0.978187,ACCEPT,FA
Dual_Occlusion,0018,0014,impostor,0.944436,0.978187,ACCEPT,FA
Dual_Occlusion,0018,0015,impostor,0.863209,0.978187,ACCEPT,FA
Dual_Occlusion,0018,0016,impostor,0.922861,0.978187,ACCEPT,FA
Dual_Occlusion,0018,0017,impostor,0.95349,0.978187,ACCEPT,FA
Dual_Occlusion,0018,0018,genuine,0.961015,0.978187,ACCEPT,TA
Dual_Occlusion,0018,0019,impostor,1.055697,0.978187,REJECT,TR
Dual_Occlusion,0018,0020,impostor,0.93371,0.978187,ACCEPT,FA
Dual_Occlusion,0018,0021,impostor,1.259098,0.978187,REJECT,TR
Dual_Occlusion,0018,0022,impostor,1.064528,0.978187,REJECT,TR
Dual_Occlusion,0018,0023,impostor,0.996945,0.978187,REJECT,TR
Dual_Occlusion,0018,0024,impostor,1.089441,0.978187,REJECT,TR
Dual_Occlusion,0018,0025,impostor,1.133013,0.978187,REJECT,TR
Dual_Occlusion,0018,0026,impostor,0.988261,0.978187,REJECT,TR
Dual_Occlusion,0018,0027,impostor,0.821673,0.978187,ACCEPT,FA
Dual_Occlusion,0018,0001,impostor,0.96665,0.978187,ACCEPT,FA
Dual_Occlusion,0018,0003,impostor,0.866822,0.978187,ACCEPT,FA
Dual_Occlusion,0018,0004,impostor,0.979396,0.978187,REJECT,TR
Dual_Occlusion,0018,0005,impostor,1.11382,0.978187,REJECT,TR
Dual_Occlusion,0018,0006,impostor,1.175588,0.978187,REJECT,TR
Dual_Occlusion,0018,0007,impostor,1.052139,0.978187,REJECT,TR
Dual_Occlusion,0018,0009,impostor,0.949572,0.978187,ACCEPT,FA
Dual_Occlusion,0018,0010,impostor,0.987751,0.978187,REJECT,TR
Dual_Occlusion,0018,0011,impostor,1.16253,0.978187,REJECT,TR
Dual_Occlusion,0018,0012,impostor,0.857342,0.978187,ACCEPT,FA
Dual_Occlusion,0018,0013,impostor,1.02767,0.978187,REJECT,TR
Dual_Occlusion,0018,0014,impostor,0.961831,0.978187,ACCEPT,FA
Dual_Occlusion,0018,0015,impostor,0.85374,0.978187,ACCEPT,FA
Dual_Occlusion,0018,0016,impostor,0.956646,0.978187,ACCEPT,FA
Dual_Occlusion,0018,0017,impostor,0.931424,0.978187,ACCEPT,FA
Dual_Occlusion,0018,0018,genuine,0.769995,0.978187,ACCEPT,TA
Dual_Occlusion,0018,0019,impostor,0.975223,0.978187,ACCEPT,FA
Dual_Occlusion,0018,0020,impostor,1.002493,0.978187,REJECT,TR
Dual_Occlusion,0018,0021,impostor,1.293581,0.978187,REJECT,TR
Dual_Occlusion,0018,0022,impostor,1.137495,0.978187,REJECT,TR
Dual_Occlusion,0018,0023,impostor,1.039477,0.978187,REJECT,TR
Dual_Occlusion,0018,0024,impostor,1.037254,0.978187,REJECT,TR
Dual_Occlusion,0018,0025,impostor,1.146483,0.978187,REJECT,TR
Dual_Occlusion,0018,0026,impostor,0.964597,0.978187,ACCEPT,FA
Dual_Occlusion,0018,0027,impostor,0.877927,0.978187,ACCEPT,FA
Dual_Occlusion,0019,0001,impostor,0.927663,0.978187,ACCEPT,FA
Dual_Occlusion,0019,0003,impostor,1.066047,0.978187,REJECT,TR
Dual_Occlusion,0019,0004,impostor,1.081916,0.978187,REJECT,TR
Dual_Occlusion,0019,0005,impostor,0.879092,0.978187,ACCEPT,FA
Dual_Occlusion,0019,0006,impostor,1.189655,0.978187,REJECT,TR
Dual_Occlusion,0019,0007,impostor,0.903018,0.978187,ACCEPT,FA
Dual_Occlusion,0019,0009,impostor,1.037694,0.978187,REJECT,TR
Dual_Occlusion,0019,0010,impostor,0.990044,0.978187,REJECT,TR
Dual_Occlusion,0019,0011,impostor,1.195019,0.978187,REJECT,TR
Dual_Occlusion,0019,0012,impostor,0.862484,0.978187,ACCEPT,FA
Dual_Occlusion,0019,0013,impostor,0.987395,0.978187,REJECT,TR
Dual_Occlusion,0019,0014,impostor,0.902506,0.978187,ACCEPT,FA
Dual_Occlusion,0019,0015,impostor,1.020327,0.978187,REJECT,TR
Dual_Occlusion,0019,0016,impostor,1.036482,0.978187,REJECT,TR
Dual_Occlusion,0019,0017,impostor,0.967407,0.978187,ACCEPT,FA
Dual_Occlusion,0019,0018,impostor,1.097257,0.978187,REJECT,TR
Dual_Occlusion,0019,0019,genuine,0.842925,0.978187,ACCEPT,TA
Dual_Occlusion,0019,0020,impostor,0.985943,0.978187,REJECT,TR
Dual_Occlusion,0019,0021,impostor,1.141884,0.978187,REJECT,TR
Dual_Occlusion,0019,0022,impostor,1.057698,0.978187,REJECT,TR
Dual_Occlusion,0019,0023,impostor,1.081661,0.978187,REJECT,TR
Dual_Occlusion,0019,0024,impostor,1.057385,0.978187,REJECT,TR
Dual_Occlusion,0019,0025,impostor,1.113875,0.978187,REJECT,TR
Dual_Occlusion,0019,0026,impostor,0.985314,0.978187,REJECT,TR
Dual_Occlusion,0019,0027,impostor,1.119112,0.978187,REJECT,TR
Dual_Occlusion,0019,0001,impostor,0.992011,0.978187,REJECT,TR
Dual_Occlusion,0019,0003,impostor,0.991145,0.978187,REJECT,TR
Dual_Occlusion,0019,0004,impostor,0.990865,0.978187,REJECT,TR
Dual_Occlusion,0019,0005,impostor,1.008277,0.978187,REJECT,TR
Dual_Occlusion,0019,0006,impostor,1.198121,0.978187,REJECT,TR
Dual_Occlusion,0019,0007,impostor,1.084946,0.978187,REJECT,TR
Dual_Occlusion,0019,0009,impostor,0.907621,0.978187,ACCEPT,FA
Dual_Occlusion,0019,0010,impostor,1.050967,0.978187,REJECT,TR
Dual_Occlusion,0019,0011,impostor,1.215948,0.978187,REJECT,TR
Dual_Occlusion,0019,0012,impostor,0.820766,0.978187,ACCEPT,FA
Dual_Occlusion,0019,0013,impostor,0.991644,0.978187,REJECT,TR
Dual_Occlusion,0019,0014,impostor,0.933715,0.978187,ACCEPT,FA
Dual_Occlusion,0019,0015,impostor,0.909971,0.978187,ACCEPT,FA
Dual_Occlusion,0019,0016,impostor,0.944386,0.978187,ACCEPT,FA
Dual_Occlusion,0019,0017,impostor,0.932311,0.978187,ACCEPT,FA
Dual_Occlusion,0019,0018,impostor,1.118605,0.978187,REJECT,TR
Dual_Occlusion,0019,0019,genuine,1.063386,0.978187,REJECT,FR
Dual_Occlusion,0019,0020,impostor,0.990117,0.978187,REJECT,TR
Dual_Occlusion,0019,0021,impostor,1.326623,0.978187,REJECT,TR
Dual_Occlusion,0019,0022,impostor,1.022941,0.978187,REJECT,TR
Dual_Occlusion,0019,0023,impostor,1.012638,0.978187,REJECT,TR
Dual_Occlusion,0019,0024,impostor,1.032579,0.978187,REJECT,TR
Dual_Occlusion,0019,0025,impostor,1.167723,0.978187,REJECT,TR
Dual_Occlusion,0019,0026,impostor,0.952519,0.978187,ACCEPT,FA
Dual_Occlusion,0019,0027,impostor,0.948947,0.978187,ACCEPT,FA
Dual_Occlusion,0019,0001,impostor,0.967854,0.978187,ACCEPT,FA
Dual_Occlusion,0019,0003,impostor,0.996918,0.978187,REJECT,TR
Dual_Occlusion,0019,0004,impostor,0.973583,0.978187,ACCEPT,FA
Dual_Occlusion,0019,0005,impostor,1.007853,0.978187,REJECT,TR
Dual_Occlusion,0019,0006,impostor,1.176392,0.978187,REJECT,TR
Dual_Occlusion,0019,0007,impostor,0.929314,0.978187,ACCEPT,FA
Dual_Occlusion,0019,0009,impostor,0.887188,0.978187,ACCEPT,FA
Dual_Occlusion,0019,0010,impostor,0.958208,0.978187,ACCEPT,FA
Dual_Occlusion,0019,0011,impostor,1.202867,0.978187,REJECT,TR
Dual_Occlusion,0019,0012,impostor,0.809613,0.978187,ACCEPT,FA
Dual_Occlusion,0019,0013,impostor,0.995072,0.978187,REJECT,TR
Dual_Occlusion,0019,0014,impostor,0.960427,0.978187,ACCEPT,FA
Dual_Occlusion,0019,0015,impostor,0.924948,0.978187,ACCEPT,FA
Dual_Occlusion,0019,0016,impostor,0.941587,0.978187,ACCEPT,FA
Dual_Occlusion,0019,0017,impostor,0.948581,0.978187,ACCEPT,FA
Dual_Occlusion,0019,0018,impostor,1.130899,0.978187,REJECT,TR
Dual_Occlusion,0019,0019,genuine,1.045492,0.978187,REJECT,FR
Dual_Occlusion,0019,0020,impostor,0.952258,0.978187,ACCEPT,FA
Dual_Occlusion,0019,0021,impostor,1.249488,0.978187,REJECT,TR
Dual_Occlusion,0019,0022,impostor,0.98955,0.978187,REJECT,TR
Dual_Occlusion,0019,0023,impostor,1.004515,0.978187,REJECT,TR
Dual_Occlusion,0019,0024,impostor,1.074947,0.978187,REJECT,TR
Dual_Occlusion,0019,0025,impostor,1.16423,0.978187,REJECT,TR
Dual_Occlusion,0019,0026,impostor,0.988911,0.978187,REJECT,TR
Dual_Occlusion,0019,0027,impostor,0.909718,0.978187,ACCEPT,FA
Dual_Occlusion,0019,0001,impostor,0.972688,0.978187,ACCEPT,FA
Dual_Occlusion,0019,0003,impostor,1.01058,0.978187,REJECT,TR
Dual_Occlusion,0019,0004,impostor,0.957369,0.978187,ACCEPT,FA
Dual_Occlusion,0019,0005,impostor,1.030576,0.978187,REJECT,TR
Dual_Occlusion,0019,0006,impostor,1.188721,0.978187,REJECT,TR
Dual_Occlusion,0019,0007,impostor,0.944757,0.978187,ACCEPT,FA
Dual_Occlusion,0019,0009,impostor,0.921048,0.978187,ACCEPT,FA
Dual_Occlusion,0019,0010,impostor,1.000895,0.978187,REJECT,TR
Dual_Occlusion,0019,0011,impostor,1.238042,0.978187,REJECT,TR
Dual_Occlusion,0019,0012,impostor,0.840923,0.978187,ACCEPT,FA
Dual_Occlusion,0019,0013,impostor,0.977863,0.978187,ACCEPT,FA
Dual_Occlusion,0019,0014,impostor,0.982896,0.978187,REJECT,TR
Dual_Occlusion,0019,0015,impostor,0.904986,0.978187,ACCEPT,FA
Dual_Occlusion,0019,0016,impostor,0.927597,0.978187,ACCEPT,FA
Dual_Occlusion,0019,0017,impostor,0.987055,0.978187,REJECT,TR
Dual_Occlusion,0019,0018,impostor,1.141303,0.978187,REJECT,TR
Dual_Occlusion,0019,0019,genuine,1.05996,0.978187,REJECT,FR
Dual_Occlusion,0019,0020,impostor,0.957647,0.978187,ACCEPT,FA
Dual_Occlusion,0019,0021,impostor,1.24544,0.978187,REJECT,TR
Dual_Occlusion,0019,0022,impostor,1.001555,0.978187,REJECT,TR
Dual_Occlusion,0019,0023,impostor,1.029073,0.978187,REJECT,TR
Dual_Occlusion,0019,0024,impostor,1.087995,0.978187,REJECT,TR
Dual_Occlusion,0019,0025,impostor,1.126297,0.978187,REJECT,TR
Dual_Occlusion,0019,0026,impostor,1.014938,0.978187,REJECT,TR
Dual_Occlusion,0019,0027,impostor,0.939242,0.978187,ACCEPT,FA
Dual_Occlusion,0019,0001,impostor,0.919321,0.978187,ACCEPT,FA
Dual_Occlusion,0019,0003,impostor,1.032063,0.978187,REJECT,TR
Dual_Occlusion,0019,0004,impostor,0.962901,0.978187,ACCEPT,FA
Dual_Occlusion,0019,0005,impostor,0.93176,0.978187,ACCEPT,FA
Dual_Occlusion,0019,0006,impostor,1.100228,0.978187,REJECT,TR
Dual_Occlusion,0019,0007,impostor,0.854609,0.978187,ACCEPT,FA
Dual_Occlusion,0019,0009,impostor,0.986554,0.978187,REJECT,TR
Dual_Occlusion,0019,0010,impostor,0.943399,0.978187,ACCEPT,FA
Dual_Occlusion,0019,0011,impostor,1.25276,0.978187,REJECT,TR
Dual_Occlusion,0019,0012,impostor,0.952796,0.978187,ACCEPT,FA
Dual_Occlusion,0019,0013,impostor,0.943127,0.978187,ACCEPT,FA
Dual_Occlusion,0019,0014,impostor,0.922855,0.978187,ACCEPT,FA
Dual_Occlusion,0019,0015,impostor,0.878517,0.978187,ACCEPT,FA
Dual_Occlusion,0019,0016,impostor,0.933689,0.978187,ACCEPT,FA
Dual_Occlusion,0019,0017,impostor,0.933067,0.978187,ACCEPT,FA
Dual_Occlusion,0019,0018,impostor,1.13836,0.978187,REJECT,TR
Dual_Occlusion,0019,0019,genuine,0.887583,0.978187,ACCEPT,TA
Dual_Occlusion,0019,0020,impostor,0.890397,0.978187,ACCEPT,FA
Dual_Occlusion,0019,0021,impostor,1.165334,0.978187,REJECT,TR
Dual_Occlusion,0019,0022,impostor,1.013658,0.978187,REJECT,TR
Dual_Occlusion,0019,0023,impostor,1.0122,0.978187,REJECT,TR
Dual_Occlusion,0019,0024,impostor,1.059668,0.978187,REJECT,TR
Dual_Occlusion,0019,0025,impostor,1.026992,0.978187,REJECT,TR
Dual_Occlusion,0019,0026,impostor,1.043552,0.978187,REJECT,TR
Dual_Occlusion,0019,0027,impostor,1.061993,0.978187,REJECT,TR
Dual_Occlusion,0020,0001,impostor,0.970983,0.978187,ACCEPT,FA
Dual_Occlusion,0020,0003,impostor,0.967742,0.978187,ACCEPT,FA
Dual_Occlusion,0020,0004,impostor,0.945116,0.978187,ACCEPT,FA
Dual_Occlusion,0020,0005,impostor,1.025361,0.978187,REJECT,TR
Dual_Occlusion,0020,0006,impostor,1.132686,0.978187,REJECT,TR
Dual_Occlusion,0020,0007,impostor,0.914578,0.978187,ACCEPT,FA
Dual_Occlusion,0020,0009,impostor,0.924128,0.978187,ACCEPT,FA
Dual_Occlusion,0020,0010,impostor,1.015763,0.978187,REJECT,TR
Dual_Occlusion,0020,0011,impostor,1.226313,0.978187,REJECT,TR
Dual_Occlusion,0020,0012,impostor,0.892103,0.978187,ACCEPT,FA
Dual_Occlusion,0020,0013,impostor,1.009534,0.978187,REJECT,TR
Dual_Occlusion,0020,0014,impostor,0.896274,0.978187,ACCEPT,FA
Dual_Occlusion,0020,0015,impostor,0.867583,0.978187,ACCEPT,FA
Dual_Occlusion,0020,0016,impostor,0.971242,0.978187,ACCEPT,FA
Dual_Occlusion,0020,0017,impostor,0.907083,0.978187,ACCEPT,FA
Dual_Occlusion,0020,0018,impostor,1.034378,0.978187,REJECT,TR
Dual_Occlusion,0020,0019,impostor,0.996596,0.978187,REJECT,TR
Dual_Occlusion,0020,0020,genuine,0.949354,0.978187,ACCEPT,TA
Dual_Occlusion,0020,0021,impostor,1.198936,0.978187,REJECT,TR
Dual_Occlusion,0020,0022,impostor,1.043579,0.978187,REJECT,TR
Dual_Occlusion,0020,0023,impostor,0.993295,0.978187,REJECT,TR
Dual_Occlusion,0020,0024,impostor,1.022061,0.978187,REJECT,TR
Dual_Occlusion,0020,0025,impostor,1.086316,0.978187,REJECT,TR
Dual_Occlusion,0020,0026,impostor,1.016123,0.978187,REJECT,TR
Dual_Occlusion,0020,0027,impostor,0.988479,0.978187,REJECT,TR
Dual_Occlusion,0020,0001,impostor,1.001371,0.978187,REJECT,TR
Dual_Occlusion,0020,0003,impostor,1.015088,0.978187,REJECT,TR
Dual_Occlusion,0020,0004,impostor,1.008075,0.978187,REJECT,TR
Dual_Occlusion,0020,0005,impostor,1.013418,0.978187,REJECT,TR
Dual_Occlusion,0020,0006,impostor,1.13439,0.978187,REJECT,TR
Dual_Occlusion,0020,0007,impostor,0.876745,0.978187,ACCEPT,FA
Dual_Occlusion,0020,0009,impostor,0.898045,0.978187,ACCEPT,FA
Dual_Occlusion,0020,0010,impostor,0.98136,0.978187,REJECT,TR
Dual_Occlusion,0020,0011,impostor,1.126378,0.978187,REJECT,TR
Dual_Occlusion,0020,0012,impostor,0.829616,0.978187,ACCEPT,FA
Dual_Occlusion,0020,0013,impostor,1.009102,0.978187,REJECT,TR
Dual_Occlusion,0020,0014,impostor,0.989195,0.978187,REJECT,TR
Dual_Occlusion,0020,0015,impostor,0.997586,0.978187,REJECT,TR
Dual_Occlusion,0020,0016,impostor,1.010899,0.978187,REJECT,TR
Dual_Occlusion,0020,0017,impostor,1.023906,0.978187,REJECT,TR
Dual_Occlusion,0020,0018,impostor,1.091499,0.978187,REJECT,TR
Dual_Occlusion,0020,0019,impostor,1.045726,0.978187,REJECT,TR
Dual_Occlusion,0020,0020,genuine,0.964794,0.978187,ACCEPT,TA
Dual_Occlusion,0020,0021,impostor,1.201388,0.978187,REJECT,TR
Dual_Occlusion,0020,0022,impostor,0.996413,0.978187,REJECT,TR
Dual_Occlusion,0020,0023,impostor,1.071655,0.978187,REJECT,TR
Dual_Occlusion,0020,0024,impostor,1.061488,0.978187,REJECT,TR
Dual_Occlusion,0020,0025,impostor,1.158094,0.978187,REJECT,TR
Dual_Occlusion,0020,0026,impostor,1.01438,0.978187,REJECT,TR
Dual_Occlusion,0020,0027,impostor,0.913737,0.978187,ACCEPT,FA
Dual_Occlusion,0020,0001,impostor,0.945277,0.978187,ACCEPT,FA
Dual_Occlusion,0020,0003,impostor,1.014709,0.978187,REJECT,TR
Dual_Occlusion,0020,0004,impostor,1.018982,0.978187,REJECT,TR
Dual_Occlusion,0020,0005,impostor,1.047045,0.978187,REJECT,TR
Dual_Occlusion,0020,0006,impostor,1.140158,0.978187,REJECT,TR
Dual_Occlusion,0020,0007,impostor,0.913783,0.978187,ACCEPT,FA
Dual_Occlusion,0020,0009,impostor,0.893354,0.978187,ACCEPT,FA
Dual_Occlusion,0020,0010,impostor,0.959892,0.978187,ACCEPT,FA
Dual_Occlusion,0020,0011,impostor,1.118432,0.978187,REJECT,TR
Dual_Occlusion,0020,0012,impostor,0.815571,0.978187,ACCEPT,FA
Dual_Occlusion,0020,0013,impostor,0.985995,0.978187,REJECT,TR
Dual_Occlusion,0020,0014,impostor,0.912513,0.978187,ACCEPT,FA
Dual_Occlusion,0020,0015,impostor,0.959793,0.978187,ACCEPT,FA
Dual_Occlusion,0020,0016,impostor,0.975866,0.978187,ACCEPT,FA
Dual_Occlusion,0020,0017,impostor,1.007026,0.978187,REJECT,TR
Dual_Occlusion,0020,0018,impostor,1.050928,0.978187,REJECT,TR
Dual_Occlusion,0020,0019,impostor,0.999973,0.978187,REJECT,TR
Dual_Occlusion,0020,0020,genuine,0.934882,0.978187,ACCEPT,TA
Dual_Occlusion,0020,0021,impostor,1.237722,0.978187,REJECT,TR
Dual_Occlusion,0020,0022,impostor,1.072761,0.978187,REJECT,TR
Dual_Occlusion,0020,0023,impostor,1.070241,0.978187,REJECT,TR
Dual_Occlusion,0020,0024,impostor,1.086983,0.978187,REJECT,TR
Dual_Occlusion,0020,0025,impostor,1.155792,0.978187,REJECT,TR
Dual_Occlusion,0020,0026,impostor,0.984865,0.978187,REJECT,TR
Dual_Occlusion,0020,0027,impostor,0.86035,0.978187,ACCEPT,FA
Dual_Occlusion,0020,0001,impostor,0.988578,0.978187,REJECT,TR
Dual_Occlusion,0020,0003,impostor,0.976625,0.978187,ACCEPT,FA
Dual_Occlusion,0020,0004,impostor,1.034584,0.978187,REJECT,TR
Dual_Occlusion,0020,0005,impostor,0.991687,0.978187,REJECT,TR
Dual_Occlusion,0020,0006,impostor,1.183596,0.978187,REJECT,TR
Dual_Occlusion,0020,0007,impostor,0.933137,0.978187,ACCEPT,FA
Dual_Occlusion,0020,0009,impostor,0.917583,0.978187,ACCEPT,FA
Dual_Occlusion,0020,0010,impostor,1.022515,0.978187,REJECT,TR
Dual_Occlusion,0020,0011,impostor,1.17593,0.978187,REJECT,TR
Dual_Occlusion,0020,0012,impostor,0.78286,0.978187,ACCEPT,FA
Dual_Occlusion,0020,0013,impostor,0.99613,0.978187,REJECT,TR
Dual_Occlusion,0020,0014,impostor,0.896771,0.978187,ACCEPT,FA
Dual_Occlusion,0020,0015,impostor,0.931543,0.978187,ACCEPT,FA
Dual_Occlusion,0020,0016,impostor,0.960733,0.978187,ACCEPT,FA
Dual_Occlusion,0020,0017,impostor,0.925699,0.978187,ACCEPT,FA
Dual_Occlusion,0020,0018,impostor,1.0723,0.978187,REJECT,TR
Dual_Occlusion,0020,0019,impostor,1.108266,0.978187,REJECT,TR
Dual_Occlusion,0020,0020,genuine,0.950455,0.978187,ACCEPT,TA
Dual_Occlusion,0020,0021,impostor,1.267084,0.978187,REJECT,TR
Dual_Occlusion,0020,0022,impostor,1.029577,0.978187,REJECT,TR
Dual_Occlusion,0020,0023,impostor,1.074701,0.978187,REJECT,TR
Dual_Occlusion,0020,0024,impostor,1.108406,0.978187,REJECT,TR
Dual_Occlusion,0020,0025,impostor,1.156047,0.978187,REJECT,TR
Dual_Occlusion,0020,0026,impostor,1.013792,0.978187,REJECT,TR
Dual_Occlusion,0020,0027,impostor,0.918947,0.978187,ACCEPT,FA
Dual_Occlusion,0020,0001,impostor,1.014709,0.978187,REJECT,TR
Dual_Occlusion,0020,0003,impostor,1.008305,0.978187,REJECT,TR
Dual_Occlusion,0020,0004,impostor,1.030662,0.978187,REJECT,TR
Dual_Occlusion,0020,0005,impostor,0.941386,0.978187,ACCEPT,FA
Dual_Occlusion,0020,0006,impostor,1.158788,0.978187,REJECT,TR
Dual_Occlusion,0020,0007,impostor,0.885654,0.978187,ACCEPT,FA
Dual_Occlusion,0020,0009,impostor,0.928897,0.978187,ACCEPT,FA
Dual_Occlusion,0020,0010,impostor,0.932223,0.978187,ACCEPT,FA
Dual_Occlusion,0020,0011,impostor,1.113376,0.978187,REJECT,TR
Dual_Occlusion,0020,0012,impostor,0.8384,0.978187,ACCEPT,FA
Dual_Occlusion,0020,0013,impostor,0.979225,0.978187,REJECT,TR
Dual_Occlusion,0020,0014,impostor,0.89926,0.978187,ACCEPT,FA
Dual_Occlusion,0020,0015,impostor,0.947038,0.978187,ACCEPT,FA
Dual_Occlusion,0020,0016,impostor,0.939169,0.978187,ACCEPT,FA
Dual_Occlusion,0020,0017,impostor,0.915658,0.978187,ACCEPT,FA
Dual_Occlusion,0020,0018,impostor,1.014923,0.978187,REJECT,TR
Dual_Occlusion,0020,0019,impostor,1.070448,0.978187,REJECT,TR
Dual_Occlusion,0020,0020,genuine,0.946139,0.978187,ACCEPT,TA
Dual_Occlusion,0020,0021,impostor,1.202325,0.978187,REJECT,TR
Dual_Occlusion,0020,0022,impostor,0.972824,0.978187,ACCEPT,FA
Dual_Occlusion,0020,0023,impostor,1.03481,0.978187,REJECT,TR
Dual_Occlusion,0020,0024,impostor,1.045278,0.978187,REJECT,TR
Dual_Occlusion,0020,0025,impostor,1.128744,0.978187,REJECT,TR
Dual_Occlusion,0020,0026,impostor,0.970925,0.978187,ACCEPT,FA
Dual_Occlusion,0020,0027,impostor,0.939659,0.978187,ACCEPT,FA
Dual_Occlusion,0021,0001,impostor,1.015637,0.978187,REJECT,TR
Dual_Occlusion,0021,0003,impostor,0.998532,0.978187,REJECT,TR
Dual_Occlusion,0021,0004,impostor,1.039467,0.978187,REJECT,TR
Dual_Occlusion,0021,0005,impostor,1.01237,0.978187,REJECT,TR
Dual_Occlusion,0021,0006,impostor,1.185105,0.978187,REJECT,TR
Dual_Occlusion,0021,0007,impostor,1.048455,0.978187,REJECT,TR
Dual_Occlusion,0021,0009,impostor,0.896489,0.978187,ACCEPT,FA
Dual_Occlusion,0021,0010,impostor,1.030083,0.978187,REJECT,TR
Dual_Occlusion,0021,0011,impostor,1.192941,0.978187,REJECT,TR
Dual_Occlusion,0021,0012,impostor,0.697282,0.978187,ACCEPT,FA
Dual_Occlusion,0021,0013,impostor,1.003428,0.978187,REJECT,TR
Dual_Occlusion,0021,0014,impostor,0.921592,0.978187,ACCEPT,FA
Dual_Occlusion,0021,0015,impostor,0.960175,0.978187,ACCEPT,FA
Dual_Occlusion,0021,0016,impostor,0.972487,0.978187,ACCEPT,FA
Dual_Occlusion,0021,0017,impostor,0.894069,0.978187,ACCEPT,FA
Dual_Occlusion,0021,0018,impostor,1.081317,0.978187,REJECT,TR
Dual_Occlusion,0021,0019,impostor,1.108015,0.978187,REJECT,TR
Dual_Occlusion,0021,0020,impostor,1.002291,0.978187,REJECT,TR
Dual_Occlusion,0021,0021,genuine,1.262642,0.978187,REJECT,FR
Dual_Occlusion,0021,0022,impostor,1.030037,0.978187,REJECT,TR
Dual_Occlusion,0021,0023,impostor,1.042528,0.978187,REJECT,TR
Dual_Occlusion,0021,0024,impostor,1.105253,0.978187,REJECT,TR
Dual_Occlusion,0021,0025,impostor,1.199877,0.978187,REJECT,TR
Dual_Occlusion,0021,0026,impostor,0.91301,0.978187,ACCEPT,FA
Dual_Occlusion,0021,0027,impostor,0.942569,0.978187,ACCEPT,FA
Dual_Occlusion,0021,0001,impostor,1.014494,0.978187,REJECT,TR
Dual_Occlusion,0021,0003,impostor,1.028665,0.978187,REJECT,TR
Dual_Occlusion,0021,0004,impostor,1.052435,0.978187,REJECT,TR
Dual_Occlusion,0021,0005,impostor,1.036464,0.978187,REJECT,TR
Dual_Occlusion,0021,0006,impostor,1.076715,0.978187,REJECT,TR
Dual_Occlusion,0021,0007,impostor,1.005835,0.978187,REJECT,TR
Dual_Occlusion,0021,0009,impostor,1.018382,0.978187,REJECT,TR
Dual_Occlusion,0021,0010,impostor,1.01422,0.978187,REJECT,TR
Dual_Occlusion,0021,0011,impostor,1.144887,0.978187,REJECT,TR
Dual_Occlusion,0021,0012,impostor,0.972268,0.978187,ACCEPT,FA
Dual_Occlusion,0021,0013,impostor,0.940343,0.978187,ACCEPT,FA
Dual_Occlusion,0021,0014,impostor,0.86297,0.978187,ACCEPT,FA
Dual_Occlusion,0021,0015,impostor,0.802547,0.978187,ACCEPT,FA
Dual_Occlusion,0021,0016,impostor,1.000535,0.978187,REJECT,TR
Dual_Occlusion,0021,0017,impostor,0.865733,0.978187,ACCEPT,FA
Dual_Occlusion,0021,0018,impostor,1.081328,0.978187,REJECT,TR
Dual_Occlusion,0021,0019,impostor,1.182416,0.978187,REJECT,TR
Dual_Occlusion,0021,0020,impostor,0.93301,0.978187,ACCEPT,FA
Dual_Occlusion,0021,0021,genuine,1.185819,0.978187,REJECT,FR
Dual_Occlusion,0021,0022,impostor,0.996284,0.978187,REJECT,TR
Dual_Occlusion,0021,0023,impostor,1.010956,0.978187,REJECT,TR
Dual_Occlusion,0021,0024,impostor,1.041891,0.978187,REJECT,TR
Dual_Occlusion,0021,0025,impostor,1.080577,0.978187,REJECT,TR
Dual_Occlusion,0021,0026,impostor,0.995562,0.978187,REJECT,TR
Dual_Occlusion,0021,0027,impostor,0.994728,0.978187,REJECT,TR
Dual_Occlusion,0021,0001,impostor,1.051754,0.978187,REJECT,TR
Dual_Occlusion,0021,0003,impostor,1.073664,0.978187,REJECT,TR
Dual_Occlusion,0021,0004,impostor,1.01453,0.978187,REJECT,TR
Dual_Occlusion,0021,0005,impostor,0.966915,0.978187,ACCEPT,FA
Dual_Occlusion,0021,0006,impostor,1.124181,0.978187,REJECT,TR
Dual_Occlusion,0021,0007,impostor,0.916764,0.978187,ACCEPT,FA
Dual_Occlusion,0021,0009,impostor,0.936917,0.978187,ACCEPT,FA
Dual_Occlusion,0021,0010,impostor,1.047815,0.978187,REJECT,TR
Dual_Occlusion,0021,0011,impostor,1.166505,0.978187,REJECT,TR
Dual_Occlusion,0021,0012,impostor,0.872621,0.978187,ACCEPT,FA
Dual_Occlusion,0021,0013,impostor,0.989888,0.978187,REJECT,TR
Dual_Occlusion,0021,0014,impostor,0.945513,0.978187,ACCEPT,FA
Dual_Occlusion,0021,0015,impostor,0.891424,0.978187,ACCEPT,FA
Dual_Occlusion,0021,0016,impostor,0.940292,0.978187,ACCEPT,FA
Dual_Occlusion,0021,0017,impostor,0.946494,0.978187,ACCEPT,FA
Dual_Occlusion,0021,0018,impostor,1.161798,0.978187,REJECT,TR
Dual_Occlusion,0021,0019,impostor,1.164059,0.978187,REJECT,TR
Dual_Occlusion,0021,0020,impostor,0.944952,0.978187,ACCEPT,FA
Dual_Occlusion,0021,0021,genuine,1.198223,0.978187,REJECT,FR
Dual_Occlusion,0021,0022,impostor,0.955216,0.978187,ACCEPT,FA
Dual_Occlusion,0021,0023,impostor,1.038782,0.978187,REJECT,TR
Dual_Occlusion,0021,0024,impostor,1.045909,0.978187,REJECT,TR
Dual_Occlusion,0021,0025,impostor,1.068989,0.978187,REJECT,TR
Dual_Occlusion,0021,0026,impostor,1.00716,0.978187,REJECT,TR
Dual_Occlusion,0021,0027,impostor,0.997559,0.978187,REJECT,TR
Dual_Occlusion,0021,0001,impostor,1.05894,0.978187,REJECT,TR
Dual_Occlusion,0021,0003,impostor,1.105185,0.978187,REJECT,TR
Dual_Occlusion,0021,0004,impostor,1.062698,0.978187,REJECT,TR
Dual_Occlusion,0021,0005,impostor,1.003229,0.978187,REJECT,TR
Dual_Occlusion,0021,0006,impostor,1.107089,0.978187,REJECT,TR
Dual_Occlusion,0021,0007,impostor,0.911752,0.978187,ACCEPT,FA
Dual_Occlusion,0021,0009,impostor,1.011567,0.978187,REJECT,TR
Dual_Occlusion,0021,0010,impostor,1.070704,0.978187,REJECT,TR
Dual_Occlusion,0021,0011,impostor,1.205852,0.978187,REJECT,TR
Dual_Occlusion,0021,0012,impostor,0.899442,0.978187,ACCEPT,FA
Dual_Occlusion,0021,0013,impostor,0.998192,0.978187,REJECT,TR
Dual_Occlusion,0021,0014,impostor,0.928376,0.978187,ACCEPT,FA
Dual_Occlusion,0021,0015,impostor,0.864125,0.978187,ACCEPT,FA
Dual_Occlusion,0021,0016,impostor,1.012549,0.978187,REJECT,TR
Dual_Occlusion,0021,0017,impostor,1.028989,0.978187,REJECT,TR
Dual_Occlusion,0021,0018,impostor,1.190564,0.978187,REJECT,TR
Dual_Occlusion,0021,0019,impostor,1.171901,0.978187,REJECT,TR
Dual_Occlusion,0021,0020,impostor,0.965487,0.978187,ACCEPT,FA
Dual_Occlusion,0021,0021,genuine,1.152634,0.978187,REJECT,FR
Dual_Occlusion,0021,0022,impostor,0.957129,0.978187,ACCEPT,FA
Dual_Occlusion,0021,0023,impostor,1.087557,0.978187,REJECT,TR
Dual_Occlusion,0021,0024,impostor,1.028135,0.978187,REJECT,TR
Dual_Occlusion,0021,0025,impostor,1.041655,0.978187,REJECT,TR
Dual_Occlusion,0021,0026,impostor,1.001983,0.978187,REJECT,TR
Dual_Occlusion,0021,0027,impostor,1.033902,0.978187,REJECT,TR
Dual_Occlusion,0021,0001,impostor,1.044369,0.978187,REJECT,TR
Dual_Occlusion,0021,0003,impostor,1.087176,0.978187,REJECT,TR
Dual_Occlusion,0021,0004,impostor,1.074331,0.978187,REJECT,TR
Dual_Occlusion,0021,0005,impostor,1.013143,0.978187,REJECT,TR
Dual_Occlusion,0021,0006,impostor,1.097756,0.978187,REJECT,TR
Dual_Occlusion,0021,0007,impostor,0.937961,0.978187,ACCEPT,FA
Dual_Occlusion,0021,0009,impostor,1.013253,0.978187,REJECT,TR
Dual_Occlusion,0021,0010,impostor,1.012264,0.978187,REJECT,TR
Dual_Occlusion,0021,0011,impostor,1.157798,0.978187,REJECT,TR
Dual_Occlusion,0021,0012,impostor,0.871649,0.978187,ACCEPT,FA
Dual_Occlusion,0021,0013,impostor,0.95223,0.978187,ACCEPT,FA
Dual_Occlusion,0021,0014,impostor,0.918442,0.978187,ACCEPT,FA
Dual_Occlusion,0021,0015,impostor,0.855934,0.978187,ACCEPT,FA
Dual_Occlusion,0021,0016,impostor,1.020084,0.978187,REJECT,TR
Dual_Occlusion,0021,0017,impostor,0.954911,0.978187,ACCEPT,FA
Dual_Occlusion,0021,0018,impostor,1.157282,0.978187,REJECT,TR
Dual_Occlusion,0021,0019,impostor,1.152727,0.978187,REJECT,TR
Dual_Occlusion,0021,0020,impostor,0.905171,0.978187,ACCEPT,FA
Dual_Occlusion,0021,0021,genuine,1.180579,0.978187,REJECT,FR
Dual_Occlusion,0021,0022,impostor,0.955869,0.978187,ACCEPT,FA
Dual_Occlusion,0021,0023,impostor,1.065732,0.978187,REJECT,TR
Dual_Occlusion,0021,0024,impostor,1.036293,0.978187,REJECT,TR
Dual_Occlusion,0021,0025,impostor,1.134403,0.978187,REJECT,TR
Dual_Occlusion,0021,0026,impostor,0.926905,0.978187,ACCEPT,FA
Dual_Occlusion,0021,0027,impostor,1.015762,0.978187,REJECT,TR
Dual_Occlusion,0022,0001,impostor,1.034727,0.978187,REJECT,TR
Dual_Occlusion,0022,0003,impostor,0.946546,0.978187,ACCEPT,FA
Dual_Occlusion,0022,0004,impostor,0.902157,0.978187,ACCEPT,FA
Dual_Occlusion,0022,0005,impostor,0.958999,0.978187,ACCEPT,FA
Dual_Occlusion,0022,0006,impostor,1.097074,0.978187,REJECT,TR
Dual_Occlusion,0022,0007,impostor,1.010564,0.978187,REJECT,TR
Dual_Occlusion,0022,0009,impostor,0.833653,0.978187,ACCEPT,FA
Dual_Occlusion,0022,0010,impostor,1.037391,0.978187,REJECT,TR
Dual_Occlusion,0022,0011,impostor,1.033468,0.978187,REJECT,TR
Dual_Occlusion,0022,0012,impostor,0.839348,0.978187,ACCEPT,FA
Dual_Occlusion,0022,0013,impostor,0.905862,0.978187,ACCEPT,FA
Dual_Occlusion,0022,0014,impostor,0.966987,0.978187,ACCEPT,FA
Dual_Occlusion,0022,0015,impostor,0.952258,0.978187,ACCEPT,FA
Dual_Occlusion,0022,0016,impostor,0.928691,0.978187,ACCEPT,FA
Dual_Occlusion,0022,0017,impostor,0.943436,0.978187,ACCEPT,FA
Dual_Occlusion,0022,0018,impostor,1.091813,0.978187,REJECT,TR
Dual_Occlusion,0022,0019,impostor,1.128194,0.978187,REJECT,TR
Dual_Occlusion,0022,0020,impostor,0.99531,0.978187,REJECT,TR
Dual_Occlusion,0022,0021,impostor,1.202393,0.978187,REJECT,TR
Dual_Occlusion,0022,0022,genuine,0.950653,0.978187,ACCEPT,TA
Dual_Occlusion,0022,0023,impostor,1.017463,0.978187,REJECT,TR
Dual_Occlusion,0022,0024,impostor,1.09764,0.978187,REJECT,TR
Dual_Occlusion,0022,0025,impostor,1.093271,0.978187,REJECT,TR
Dual_Occlusion,0022,0026,impostor,1.020067,0.978187,REJECT,TR
Dual_Occlusion,0022,0027,impostor,0.927498,0.978187,ACCEPT,FA
Dual_Occlusion,0022,0001,impostor,0.970708,0.978187,ACCEPT,FA
Dual_Occlusion,0022,0003,impostor,0.923844,0.978187,ACCEPT,FA
Dual_Occlusion,0022,0004,impostor,0.964706,0.978187,ACCEPT,FA
Dual_Occlusion,0022,0005,impostor,1.03467,0.978187,REJECT,TR
Dual_Occlusion,0022,0006,impostor,1.069054,0.978187,REJECT,TR
Dual_Occlusion,0022,0007,impostor,1.043364,0.978187,REJECT,TR
Dual_Occlusion,0022,0009,impostor,0.827512,0.978187,ACCEPT,FA
Dual_Occlusion,0022,0010,impostor,0.933364,0.978187,ACCEPT,FA
Dual_Occlusion,0022,0011,impostor,1.015903,0.978187,REJECT,TR
Dual_Occlusion,0022,0012,impostor,0.880514,0.978187,ACCEPT,FA
Dual_Occlusion,0022,0013,impostor,0.861758,0.978187,ACCEPT,FA
Dual_Occlusion,0022,0014,impostor,0.967119,0.978187,ACCEPT,FA
Dual_Occlusion,0022,0015,impostor,0.886989,0.978187,ACCEPT,FA
Dual_Occlusion,0022,0016,impostor,0.905811,0.978187,ACCEPT,FA
Dual_Occlusion,0022,0017,impostor,0.897126,0.978187,ACCEPT,FA
Dual_Occlusion,0022,0018,impostor,0.940411,0.978187,ACCEPT,FA
Dual_Occlusion,0022,0019,impostor,1.075106,0.978187,REJECT,TR
Dual_Occlusion,0022,0020,impostor,0.974134,0.978187,ACCEPT,FA
Dual_Occlusion,0022,0021,impostor,1.213301,0.978187,REJECT,TR
Dual_Occlusion,0022,0022,genuine,0.963999,0.978187,ACCEPT,TA
Dual_Occlusion,0022,0023,impostor,0.964367,0.978187,ACCEPT,FA
Dual_Occlusion,0022,0024,impostor,1.073489,0.978187,REJECT,TR
Dual_Occlusion,0022,0025,impostor,1.155849,0.978187,REJECT,TR
Dual_Occlusion,0022,0026,impostor,0.999557,0.978187,REJECT,TR
Dual_Occlusion,0022,0027,impostor,0.791054,0.978187,ACCEPT,FA
Dual_Occlusion,0022,0001,impostor,0.967352,0.978187,ACCEPT,FA
Dual_Occlusion,0022,0003,impostor,0.928701,0.978187,ACCEPT,FA
Dual_Occlusion,0022,0004,impostor,0.903689,0.978187,ACCEPT,FA
Dual_Occlusion,0022,0005,impostor,1.029775,0.978187,REJECT,TR
Dual_Occlusion,0022,0006,impostor,1.034996,0.978187,REJECT,TR
Dual_Occlusion,0022,0007,impostor,1.008758,0.978187,REJECT,TR
Dual_Occlusion,0022,0009,impostor,0.806609,0.978187,ACCEPT,FA
Dual_Occlusion,0022,0010,impostor,0.983316,0.978187,REJECT,TR
Dual_Occlusion,0022,0011,impostor,1.029483,0.978187,REJECT,TR
Dual_Occlusion,0022,0012,impostor,0.862634,0.978187,ACCEPT,FA
Dual_Occlusion,0022,0013,impostor,0.850725,0.978187,ACCEPT,FA
Dual_Occlusion,0022,0014,impostor,0.969468,0.978187,ACCEPT,FA
Dual_Occlusion,0022,0015,impostor,0.862909,0.978187,ACCEPT,FA
Dual_Occlusion,0022,0016,impostor,0.890601,0.978187,ACCEPT,FA
Dual_Occlusion,0022,0017,impostor,0.856896,0.978187,ACCEPT,FA
Dual_Occlusion,0022,0018,impostor,1.086562,0.978187,REJECT,TR
Dual_Occlusion,0022,0019,impostor,1.141681,0.978187,REJECT,TR
Dual_Occlusion,0022,0020,impostor,0.904876,0.978187,ACCEPT,FA
Dual_Occlusion,0022,0021,impostor,1.192649,0.978187,REJECT,TR
Dual_Occlusion,0022,0022,genuine,0.900389,0.978187,ACCEPT,TA
Dual_Occlusion,0022,0023,impostor,0.919467,0.978187,ACCEPT,FA
Dual_Occlusion,0022,0024,impostor,1.035029,0.978187,REJECT,TR
Dual_Occlusion,0022,0025,impostor,1.118893,0.978187,REJECT,TR
Dual_Occlusion,0022,0026,impostor,0.995853,0.978187,REJECT,TR
Dual_Occlusion,0022,0027,impostor,0.87895,0.978187,ACCEPT,FA
Dual_Occlusion,0022,0001,impostor,0.990682,0.978187,REJECT,TR
Dual_Occlusion,0022,0003,impostor,0.959855,0.978187,ACCEPT,FA
Dual_Occlusion,0022,0004,impostor,0.948266,0.978187,ACCEPT,FA
Dual_Occlusion,0022,0005,impostor,1.058713,0.978187,REJECT,TR
Dual_Occlusion,0022,0006,impostor,1.073221,0.978187,REJECT,TR
Dual_Occlusion,0022,0007,impostor,1.032344,0.978187,REJECT,TR
Dual_Occlusion,0022,0009,impostor,0.855966,0.978187,ACCEPT,FA
Dual_Occlusion,0022,0010,impostor,0.988177,0.978187,REJECT,TR
Dual_Occlusion,0022,0011,impostor,1.049005,0.978187,REJECT,TR
Dual_Occlusion,0022,0012,impostor,0.86206,0.978187,ACCEPT,FA
Dual_Occlusion,0022,0013,impostor,0.857122,0.978187,ACCEPT,FA
Dual_Occlusion,0022,0014,impostor,0.977648,0.978187,ACCEPT,FA
Dual_Occlusion,0022,0015,impostor,0.854659,0.978187,ACCEPT,FA
Dual_Occlusion,0022,0016,impostor,0.922483,0.978187,ACCEPT,FA
Dual_Occlusion,0022,0017,impostor,0.856941,0.978187,ACCEPT,FA
Dual_Occlusion,0022,0018,impostor,1.06821,0.978187,REJECT,TR
Dual_Occlusion,0022,0019,impostor,1.144959,0.978187,REJECT,TR
Dual_Occlusion,0022,0020,impostor,0.884943,0.978187,ACCEPT,FA
Dual_Occlusion,0022,0021,impostor,1.212106,0.978187,REJECT,TR
Dual_Occlusion,0022,0022,genuine,0.91768,0.978187,ACCEPT,TA
Dual_Occlusion,0022,0023,impostor,0.934434,0.978187,ACCEPT,FA
Dual_Occlusion,0022,0024,impostor,1.007799,0.978187,REJECT,TR
Dual_Occlusion,0022,0025,impostor,1.131504,0.978187,REJECT,TR
Dual_Occlusion,0022,0026,impostor,0.964617,0.978187,ACCEPT,FA
Dual_Occlusion,0022,0027,impostor,0.913047,0.978187,ACCEPT,FA
Dual_Occlusion,0022,0001,impostor,1.012565,0.978187,REJECT,TR
Dual_Occlusion,0022,0003,impostor,0.917905,0.978187,ACCEPT,FA
Dual_Occlusion,0022,0004,impostor,0.974269,0.978187,ACCEPT,FA
Dual_Occlusion,0022,0005,impostor,1.117271,0.978187,REJECT,TR
Dual_Occlusion,0022,0006,impostor,1.125389,0.978187,REJECT,TR
Dual_Occlusion,0022,0007,impostor,1.087483,0.978187,REJECT,TR
Dual_Occlusion,0022,0009,impostor,0.871683,0.978187,ACCEPT,FA
Dual_Occlusion,0022,0010,impostor,0.97493,0.978187,ACCEPT,FA
Dual_Occlusion,0022,0011,impostor,1.013312,0.978187,REJECT,TR
Dual_Occlusion,0022,0012,impostor,0.838046,0.978187,ACCEPT,FA
Dual_Occlusion,0022,0013,impostor,0.876311,0.978187,ACCEPT,FA
Dual_Occlusion,0022,0014,impostor,0.970751,0.978187,ACCEPT,FA
Dual_Occlusion,0022,0015,impostor,0.872967,0.978187,ACCEPT,FA
Dual_Occlusion,0022,0016,impostor,0.973972,0.978187,ACCEPT,FA
Dual_Occlusion,0022,0017,impostor,0.847331,0.978187,ACCEPT,FA
Dual_Occlusion,0022,0018,impostor,0.958388,0.978187,ACCEPT,FA
Dual_Occlusion,0022,0019,impostor,1.096032,0.978187,REJECT,TR
Dual_Occlusion,0022,0020,impostor,0.918609,0.978187,ACCEPT,FA
Dual_Occlusion,0022,0021,impostor,1.261905,0.978187,REJECT,TR
Dual_Occlusion,0022,0022,genuine,0.965214,0.978187,ACCEPT,TA
Dual_Occlusion,0022,0023,impostor,0.997217,0.978187,REJECT,TR
Dual_Occlusion,0022,0024,impostor,0.991395,0.978187,REJECT,TR
Dual_Occlusion,0022,0025,impostor,1.183331,0.978187,REJECT,TR
Dual_Occlusion,0022,0026,impostor,0.918046,0.978187,ACCEPT,FA
Dual_Occlusion,0022,0027,impostor,0.896055,0.978187,ACCEPT,FA
Dual_Occlusion,0023,0001,impostor,0.975978,0.978187,ACCEPT,FA
Dual_Occlusion,0023,0003,impostor,1.029569,0.978187,REJECT,TR
Dual_Occlusion,0023,0004,impostor,1.041065,0.978187,REJECT,TR
Dual_Occlusion,0023,0005,impostor,0.938146,0.978187,ACCEPT,FA
Dual_Occlusion,0023,0006,impostor,1.159339,0.978187,REJECT,TR
Dual_Occlusion,0023,0007,impostor,0.990287,0.978187,REJECT,TR
Dual_Occlusion,0023,0009,impostor,0.951688,0.978187,ACCEPT,FA
Dual_Occlusion,0023,0010,impostor,1.023853,0.978187,REJECT,TR
Dual_Occlusion,0023,0011,impostor,1.133396,0.978187,REJECT,TR
Dual_Occlusion,0023,0012,impostor,0.844159,0.978187,ACCEPT,FA
Dual_Occlusion,0023,0013,impostor,0.954843,0.978187,ACCEPT,FA
Dual_Occlusion,0023,0014,impostor,0.93422,0.978187,ACCEPT,FA
Dual_Occlusion,0023,0015,impostor,0.950668,0.978187,ACCEPT,FA
Dual_Occlusion,0023,0016,impostor,0.976799,0.978187,ACCEPT,FA
Dual_Occlusion,0023,0017,impostor,0.934339,0.978187,ACCEPT,FA
Dual_Occlusion,0023,0018,impostor,1.094463,0.978187,REJECT,TR
Dual_Occlusion,0023,0019,impostor,1.053842,0.978187,REJECT,TR
Dual_Occlusion,0023,0020,impostor,0.940351,0.978187,ACCEPT,FA
Dual_Occlusion,0023,0021,impostor,1.209722,0.978187,REJECT,TR
Dual_Occlusion,0023,0022,impostor,1.028843,0.978187,REJECT,TR
Dual_Occlusion,0023,0023,genuine,1.029512,0.978187,REJECT,FR
Dual_Occlusion,0023,0024,impostor,1.056736,0.978187,REJECT,TR
Dual_Occlusion,0023,0025,impostor,1.183062,0.978187,REJECT,TR
Dual_Occlusion,0023,0026,impostor,0.969363,0.978187,ACCEPT,FA
Dual_Occlusion,0023,0027,impostor,1.006828,0.978187,REJECT,TR
Dual_Occlusion,0023,0001,impostor,0.977754,0.978187,ACCEPT,FA
Dual_Occlusion,0023,0003,impostor,0.954682,0.978187,ACCEPT,FA
Dual_Occlusion,0023,0004,impostor,1.044263,0.978187,REJECT,TR
Dual_Occlusion,0023,0005,impostor,1.003513,0.978187,REJECT,TR
Dual_Occlusion,0023,0006,impostor,1.120688,0.978187,REJECT,TR
Dual_Occlusion,0023,0007,impostor,1.05418,0.978187,REJECT,TR
Dual_Occlusion,0023,0009,impostor,0.881276,0.978187,ACCEPT,FA
Dual_Occlusion,0023,0010,impostor,0.989663,0.978187,REJECT,TR
Dual_Occlusion,0023,0011,impostor,1.111509,0.978187,REJECT,TR
Dual_Occlusion,0023,0012,impostor,0.904951,0.978187,ACCEPT,FA
Dual_Occlusion,0023,0013,impostor,0.8754,0.978187,ACCEPT,FA
Dual_Occlusion,0023,0014,impostor,0.983736,0.978187,REJECT,TR
Dual_Occlusion,0023,0015,impostor,0.911653,0.978187,ACCEPT,FA
Dual_Occlusion,0023,0016,impostor,1.001246,0.978187,REJECT,TR
Dual_Occlusion,0023,0017,impostor,0.914148,0.978187,ACCEPT,FA
Dual_Occlusion,0023,0018,impostor,1.063813,0.978187,REJECT,TR
Dual_Occlusion,0023,0019,impostor,1.044396,0.978187,REJECT,TR
Dual_Occlusion,0023,0020,impostor,0.941399,0.978187,ACCEPT,FA
Dual_Occlusion,0023,0021,impostor,1.247113,0.978187,REJECT,TR
Dual_Occlusion,0023,0022,impostor,1.025608,0.978187,REJECT,TR
Dual_Occlusion,0023,0023,genuine,1.008022,0.978187,REJECT,FR
Dual_Occlusion,0023,0024,impostor,1.054252,0.978187,REJECT,TR
Dual_Occlusion,0023,0025,impostor,1.220094,0.978187,REJECT,TR
Dual_Occlusion,0023,0026,impostor,0.972106,0.978187,ACCEPT,FA
Dual_Occlusion,0023,0027,impostor,0.874753,0.978187,ACCEPT,FA
Dual_Occlusion,0023,0001,impostor,0.991344,0.978187,REJECT,TR
Dual_Occlusion,0023,0003,impostor,0.977865,0.978187,ACCEPT,FA
Dual_Occlusion,0023,0004,impostor,1.086122,0.978187,REJECT,TR
Dual_Occlusion,0023,0005,impostor,1.062332,0.978187,REJECT,TR
Dual_Occlusion,0023,0006,impostor,1.159977,0.978187,REJECT,TR
Dual_Occlusion,0023,0007,impostor,1.157844,0.978187,REJECT,TR
Dual_Occlusion,0023,0009,impostor,0.923453,0.978187,ACCEPT,FA
Dual_Occlusion,0023,0010,impostor,1.04821,0.978187,REJECT,TR
Dual_Occlusion,0023,0011,impostor,1.174546,0.978187,REJECT,TR
Dual_Occlusion,0023,0012,impostor,0.900919,0.978187,ACCEPT,FA
Dual_Occlusion,0023,0013,impostor,0.960695,0.978187,ACCEPT,FA
Dual_Occlusion,0023,0014,impostor,0.880938,0.978187,ACCEPT,FA
Dual_Occlusion,0023,0015,impostor,0.789954,0.978187,ACCEPT,FA
Dual_Occlusion,0023,0016,impostor,0.961698,0.978187,ACCEPT,FA
Dual_Occlusion,0023,0017,impostor,0.918865,0.978187,ACCEPT,FA
Dual_Occlusion,0023,0018,impostor,1.104376,0.978187,REJECT,TR
Dual_Occlusion,0023,0019,impostor,1.137707,0.978187,REJECT,TR
Dual_Occlusion,0023,0020,impostor,0.944454,0.978187,ACCEPT,FA
Dual_Occlusion,0023,0021,impostor,1.284264,0.978187,REJECT,TR
Dual_Occlusion,0023,0022,impostor,1.028322,0.978187,REJECT,TR
Dual_Occlusion,0023,0023,genuine,0.98216,0.978187,REJECT,FR
Dual_Occlusion,0023,0024,impostor,1.016485,0.978187,REJECT,TR
Dual_Occlusion,0023,0025,impostor,1.173952,0.978187,REJECT,TR
Dual_Occlusion,0023,0026,impostor,0.928676,0.978187,ACCEPT,FA
Dual_Occlusion,0023,0027,impostor,0.921022,0.978187,ACCEPT,FA
Dual_Occlusion,0023,0001,impostor,1.011974,0.978187,REJECT,TR
Dual_Occlusion,0023,0003,impostor,1.031294,0.978187,REJECT,TR
Dual_Occlusion,0023,0004,impostor,1.056527,0.978187,REJECT,TR
Dual_Occlusion,0023,0005,impostor,0.977495,0.978187,ACCEPT,FA
Dual_Occlusion,0023,0006,impostor,1.175517,0.978187,REJECT,TR
Dual_Occlusion,0023,0007,impostor,1.050018,0.978187,REJECT,TR
Dual_Occlusion,0023,0009,impostor,0.962028,0.978187,ACCEPT,FA
Dual_Occlusion,0023,0010,impostor,1.036504,0.978187,REJECT,TR
Dual_Occlusion,0023,0011,impostor,1.206094,0.978187,REJECT,TR
Dual_Occlusion,0023,0012,impostor,0.871199,0.978187,ACCEPT,FA
Dual_Occlusion,0023,0013,impostor,1.016096,0.978187,REJECT,TR
Dual_Occlusion,0023,0014,impostor,0.877968,0.978187,ACCEPT,FA
Dual_Occlusion,0023,0015,impostor,0.868432,0.978187,ACCEPT,FA
Dual_Occlusion,0023,0016,impostor,0.96709,0.978187,ACCEPT,FA
Dual_Occlusion,0023,0017,impostor,0.881863,0.978187,ACCEPT,FA
Dual_Occlusion,0023,0018,impostor,1.089028,0.978187,REJECT,TR
Dual_Occlusion,0023,0019,impostor,1.071491,0.978187,REJECT,TR
Dual_Occlusion,0023,0020,impostor,0.950452,0.978187,ACCEPT,FA
Dual_Occlusion,0023,0021,impostor,1.263761,0.978187,REJECT,TR
Dual_Occlusion,0023,0022,impostor,1.008018,0.978187,REJECT,TR
Dual_Occlusion,0023,0023,genuine,1.002066,0.978187,REJECT,FR
Dual_Occlusion,0023,0024,impostor,1.047595,0.978187,REJECT,TR
Dual_Occlusion,0023,0025,impostor,1.131007,0.978187,REJECT,TR
Dual_Occlusion,0023,0026,impostor,0.916731,0.978187,ACCEPT,FA
Dual_Occlusion,0023,0027,impostor,1.012916,0.978187,REJECT,TR
Dual_Occlusion,0023,0001,impostor,1.034668,0.978187,REJECT,TR
Dual_Occlusion,0023,0003,impostor,1.028004,0.978187,REJECT,TR
Dual_Occlusion,0023,0004,impostor,1.028041,0.978187,REJECT,TR
Dual_Occlusion,0023,0005,impostor,1.026149,0.978187,REJECT,TR
Dual_Occlusion,0023,0006,impostor,1.162626,0.978187,REJECT,TR
Dual_Occlusion,0023,0007,impostor,1.100393,0.978187,REJECT,TR
Dual_Occlusion,0023,0009,impostor,1.000662,0.978187,REJECT,TR
Dual_Occlusion,0023,0010,impostor,1.076477,0.978187,REJECT,TR
Dual_Occlusion,0023,0011,impostor,1.238372,0.978187,REJECT,TR
Dual_Occlusion,0023,0012,impostor,0.90555,0.978187,ACCEPT,FA
Dual_Occlusion,0023,0013,impostor,1.004783,0.978187,REJECT,TR
Dual_Occlusion,0023,0014,impostor,0.909502,0.978187,ACCEPT,FA
Dual_Occlusion,0023,0015,impostor,0.812781,0.978187,ACCEPT,FA
Dual_Occlusion,0023,0016,impostor,1.016073,0.978187,REJECT,TR
Dual_Occlusion,0023,0017,impostor,0.91754,0.978187,ACCEPT,FA
Dual_Occlusion,0023,0018,impostor,1.140667,0.978187,REJECT,TR
Dual_Occlusion,0023,0019,impostor,1.097422,0.978187,REJECT,TR
Dual_Occlusion,0023,0020,impostor,0.956757,0.978187,ACCEPT,FA
Dual_Occlusion,0023,0021,impostor,1.283841,0.978187,REJECT,TR
Dual_Occlusion,0023,0022,impostor,1.037911,0.978187,REJECT,TR
Dual_Occlusion,0023,0023,genuine,1.003887,0.978187,REJECT,FR
Dual_Occlusion,0023,0024,impostor,1.013846,0.978187,REJECT,TR
Dual_Occlusion,0023,0025,impostor,1.126982,0.978187,REJECT,TR
Dual_Occlusion,0023,0026,impostor,0.926791,0.978187,ACCEPT,FA
Dual_Occlusion,0023,0027,impostor,1.035268,0.978187,REJECT,TR
Dual_Occlusion,0024,0001,impostor,0.98564,0.978187,REJECT,TR
Dual_Occlusion,0024,0003,impostor,1.030689,0.978187,REJECT,TR
Dual_Occlusion,0024,0004,impostor,0.958033,0.978187,ACCEPT,FA
Dual_Occlusion,0024,0005,impostor,1.057996,0.978187,REJECT,TR
Dual_Occlusion,0024,0006,impostor,0.97952,0.978187,REJECT,TR
Dual_Occlusion,0024,0007,impostor,0.947687,0.978187,ACCEPT,FA
Dual_Occlusion,0024,0009,impostor,0.899736,0.978187,ACCEPT,FA
Dual_Occlusion,0024,0010,impostor,0.995573,0.978187,REJECT,TR
Dual_Occlusion,0024,0011,impostor,0.902859,0.978187,ACCEPT,FA
Dual_Occlusion,0024,0012,impostor,0.920716,0.978187,ACCEPT,FA
Dual_Occlusion,0024,0013,impostor,0.866743,0.978187,ACCEPT,FA
Dual_Occlusion,0024,0014,impostor,1.102443,0.978187,REJECT,TR
Dual_Occlusion,0024,0015,impostor,1.051562,0.978187,REJECT,TR
Dual_Occlusion,0024,0016,impostor,0.942096,0.978187,ACCEPT,FA
Dual_Occlusion,0024,0017,impostor,0.931093,0.978187,ACCEPT,FA
Dual_Occlusion,0024,0018,impostor,0.991542,0.978187,REJECT,TR
Dual_Occlusion,0024,0019,impostor,1.034016,0.978187,REJECT,TR
Dual_Occlusion,0024,0020,impostor,0.891186,0.978187,ACCEPT,FA
Dual_Occlusion,0024,0021,impostor,1.081605,0.978187,REJECT,TR
Dual_Occlusion,0024,0022,impostor,0.947488,0.978187,ACCEPT,FA
Dual_Occlusion,0024,0023,impostor,1.056903,0.978187,REJECT,TR
Dual_Occlusion,0024,0024,genuine,0.988974,0.978187,REJECT,FR
Dual_Occlusion,0024,0025,impostor,1.051505,0.978187,REJECT,TR
Dual_Occlusion,0024,0026,impostor,1.044967,0.978187,REJECT,TR
Dual_Occlusion,0024,0027,impostor,0.93131,0.978187,ACCEPT,FA
Dual_Occlusion,0024,0001,impostor,1.030624,0.978187,REJECT,TR
Dual_Occlusion,0024,0003,impostor,1.008212,0.978187,REJECT,TR
Dual_Occlusion,0024,0004,impostor,0.981435,0.978187,REJECT,TR
Dual_Occlusion,0024,0005,impostor,1.086365,0.978187,REJECT,TR
Dual_Occlusion,0024,0006,impostor,0.971771,0.978187,ACCEPT,FA
Dual_Occlusion,0024,0007,impostor,0.962864,0.978187,ACCEPT,FA
Dual_Occlusion,0024,0009,impostor,0.944458,0.978187,ACCEPT,FA
Dual_Occlusion,0024,0010,impostor,1.059461,0.978187,REJECT,TR
Dual_Occlusion,0024,0011,impostor,1.002913,0.978187,REJECT,TR
Dual_Occlusion,0024,0012,impostor,0.97581,0.978187,ACCEPT,FA
Dual_Occlusion,0024,0013,impostor,0.958575,0.978187,ACCEPT,FA
Dual_Occlusion,0024,0014,impostor,1.042159,0.978187,REJECT,TR
Dual_Occlusion,0024,0015,impostor,0.943049,0.978187,ACCEPT,FA
Dual_Occlusion,0024,0016,impostor,1.001676,0.978187,REJECT,TR
Dual_Occlusion,0024,0017,impostor,0.911131,0.978187,ACCEPT,FA
Dual_Occlusion,0024,0018,impostor,1.050449,0.978187,REJECT,TR
Dual_Occlusion,0024,0019,impostor,1.062485,0.978187,REJECT,TR
Dual_Occlusion,0024,0020,impostor,0.946133,0.978187,ACCEPT,FA
Dual_Occlusion,0024,0021,impostor,1.135579,0.978187,REJECT,TR
Dual_Occlusion,0024,0022,impostor,1.007305,0.978187,REJECT,TR
Dual_Occlusion,0024,0023,impostor,1.105417,0.978187,REJECT,TR
Dual_Occlusion,0024,0024,genuine,0.869823,0.978187,ACCEPT,TA
Dual_Occlusion,0024,0025,impostor,1.012239,0.978187,REJECT,TR
Dual_Occlusion,0024,0026,impostor,1.016057,0.978187,REJECT,TR
Dual_Occlusion,0024,0027,impostor,1.025405,0.978187,REJECT,TR
Dual_Occlusion,0024,0001,impostor,1.017022,0.978187,REJECT,TR
Dual_Occlusion,0024,0003,impostor,1.003134,0.978187,REJECT,TR
Dual_Occlusion,0024,0004,impostor,0.951358,0.978187,ACCEPT,FA
Dual_Occlusion,0024,0005,impostor,1.080279,0.978187,REJECT,TR
Dual_Occlusion,0024,0006,impostor,0.95403,0.978187,ACCEPT,FA
Dual_Occlusion,0024,0007,impostor,0.920318,0.978187,ACCEPT,FA
Dual_Occlusion,0024,0009,impostor,0.94075,0.978187,ACCEPT,FA
Dual_Occlusion,0024,0010,impostor,1.052313,0.978187,REJECT,TR
Dual_Occlusion,0024,0011,impostor,1.008648,0.978187,REJECT,TR
Dual_Occlusion,0024,0012,impostor,0.9635,0.978187,ACCEPT,FA
Dual_Occlusion,0024,0013,impostor,0.929279,0.978187,ACCEPT,FA
Dual_Occlusion,0024,0014,impostor,1.062872,0.978187,REJECT,TR
Dual_Occlusion,0024,0015,impostor,0.927499,0.978187,ACCEPT,FA
Dual_Occlusion,0024,0016,impostor,0.960127,0.978187,ACCEPT,FA
Dual_Occlusion,0024,0017,impostor,0.898266,0.978187,ACCEPT,FA
Dual_Occlusion,0024,0018,impostor,1.075609,0.978187,REJECT,TR
Dual_Occlusion,0024,0019,impostor,1.071141,0.978187,REJECT,TR
Dual_Occlusion,0024,0020,impostor,0.933999,0.978187,ACCEPT,FA
Dual_Occlusion,0024,0021,impostor,1.112324,0.978187,REJECT,TR
Dual_Occlusion,0024,0022,impostor,0.94146,0.978187,ACCEPT,FA
Dual_Occlusion,0024,0023,impostor,1.062448,0.978187,REJECT,TR
Dual_Occlusion,0024,0024,genuine,0.859934,0.978187,ACCEPT,TA
Dual_Occlusion,0024,0025,impostor,0.992881,0.978187,REJECT,TR
Dual_Occlusion,0024,0026,impostor,1.005682,0.978187,REJECT,TR
Dual_Occlusion,0024,0027,impostor,1.03416,0.978187,REJECT,TR
Dual_Occlusion,0025,0001,impostor,0.997963,0.978187,REJECT,TR
Dual_Occlusion,0025,0003,impostor,0.912716,0.978187,ACCEPT,FA
Dual_Occlusion,0025,0004,impostor,1.07963,0.978187,REJECT,TR
Dual_Occlusion,0025,0005,impostor,1.01409,0.978187,REJECT,TR
Dual_Occlusion,0025,0006,impostor,1.118248,0.978187,REJECT,TR
Dual_Occlusion,0025,0007,impostor,0.937432,0.978187,ACCEPT,FA
Dual_Occlusion,0025,0009,impostor,0.989564,0.978187,REJECT,TR
Dual_Occlusion,0025,0010,impostor,0.952374,0.978187,ACCEPT,FA
Dual_Occlusion,0025,0011,impostor,1.166816,0.978187,REJECT,TR
Dual_Occlusion,0025,0012,impostor,0.924451,0.978187,ACCEPT,FA
Dual_Occlusion,0025,0013,impostor,0.968372,0.978187,ACCEPT,FA
Dual_Occlusion,0025,0014,impostor,0.922288,0.978187,ACCEPT,FA
Dual_Occlusion,0025,0015,impostor,0.822933,0.978187,ACCEPT,FA
Dual_Occlusion,0025,0016,impostor,0.875498,0.978187,ACCEPT,FA
Dual_Occlusion,0025,0017,impostor,0.761085,0.978187,ACCEPT,FA
Dual_Occlusion,0025,0018,impostor,1.04544,0.978187,REJECT,TR
Dual_Occlusion,0025,0019,impostor,1.024024,0.978187,REJECT,TR
Dual_Occlusion,0025,0020,impostor,0.956616,0.978187,ACCEPT,FA
Dual_Occlusion,0025,0021,impostor,1.184173,0.978187,REJECT,TR
Dual_Occlusion,0025,0022,impostor,0.938863,0.978187,ACCEPT,FA
Dual_Occlusion,0025,0023,impostor,0.970457,0.978187,ACCEPT,FA
Dual_Occlusion,0025,0024,impostor,0.938247,0.978187,ACCEPT,FA
Dual_Occlusion,0025,0025,genuine,0.955649,0.978187,ACCEPT,TA
Dual_Occlusion,0025,0026,impostor,0.960641,0.978187,ACCEPT,FA
Dual_Occlusion,0025,0027,impostor,0.970876,0.978187,ACCEPT,FA
Dual_Occlusion,0025,0001,impostor,1.021213,0.978187,REJECT,TR
Dual_Occlusion,0025,0003,impostor,0.952793,0.978187,ACCEPT,FA
Dual_Occlusion,0025,0004,impostor,1.06494,0.978187,REJECT,TR
Dual_Occlusion,0025,0005,impostor,1.007414,0.978187,REJECT,TR
Dual_Occlusion,0025,0006,impostor,1.09552,0.978187,REJECT,TR
Dual_Occlusion,0025,0007,impostor,1.068603,0.978187,REJECT,TR
Dual_Occlusion,0025,0009,impostor,0.874635,0.978187,ACCEPT,FA
Dual_Occlusion,0025,0010,impostor,0.985502,0.978187,REJECT,TR
Dual_Occlusion,0025,0011,impostor,1.08315,0.978187,REJECT,TR
Dual_Occlusion,0025,0012,impostor,0.858422,0.978187,ACCEPT,FA
Dual_Occlusion,0025,0013,impostor,0.922892,0.978187,ACCEPT,FA
Dual_Occlusion,0025,0014,impostor,0.955606,0.978187,ACCEPT,FA
Dual_Occlusion,0025,0015,impostor,0.820784,0.978187,ACCEPT,FA
Dual_Occlusion,0025,0016,impostor,0.889944,0.978187,ACCEPT,FA
Dual_Occlusion,0025,0017,impostor,0.846337,0.978187,ACCEPT,FA
Dual_Occlusion,0025,0018,impostor,1.100471,0.978187,REJECT,TR
Dual_Occlusion,0025,0019,impostor,1.194252,0.978187,REJECT,TR
Dual_Occlusion,0025,0020,impostor,0.957969,0.978187,ACCEPT,FA
Dual_Occlusion,0025,0021,impostor,1.253168,0.978187,REJECT,TR
Dual_Occlusion,0025,0022,impostor,0.928303,0.978187,ACCEPT,FA
Dual_Occlusion,0025,0023,impostor,0.948822,0.978187,ACCEPT,FA
Dual_Occlusion,0025,0024,impostor,1.017839,0.978187,REJECT,TR
Dual_Occlusion,0025,0025,genuine,1.066438,0.978187,REJECT,FR
Dual_Occlusion,0025,0026,impostor,0.974662,0.978187,ACCEPT,FA
Dual_Occlusion,0025,0027,impostor,0.878311,0.978187,ACCEPT,FA
Dual_Occlusion,0025,0001,impostor,0.997583,0.978187,REJECT,TR
Dual_Occlusion,0025,0003,impostor,0.926078,0.978187,ACCEPT,FA
Dual_Occlusion,0025,0004,impostor,1.043566,0.978187,REJECT,TR
Dual_Occlusion,0025,0005,impostor,1.018126,0.978187,REJECT,TR
Dual_Occlusion,0025,0006,impostor,1.105401,0.978187,REJECT,TR
Dual_Occlusion,0025,0007,impostor,1.073996,0.978187,REJECT,TR
Dual_Occlusion,0025,0009,impostor,0.941766,0.978187,ACCEPT,FA
Dual_Occlusion,0025,0010,impostor,0.985577,0.978187,REJECT,TR
Dual_Occlusion,0025,0011,impostor,1.134088,0.978187,REJECT,TR
Dual_Occlusion,0025,0012,impostor,0.857045,0.978187,ACCEPT,FA
Dual_Occlusion,0025,0013,impostor,0.980922,0.978187,REJECT,TR
Dual_Occlusion,0025,0014,impostor,0.951206,0.978187,ACCEPT,FA
Dual_Occlusion,0025,0015,impostor,0.800134,0.978187,ACCEPT,FA
Dual_Occlusion,0025,0016,impostor,0.882068,0.978187,ACCEPT,FA
Dual_Occlusion,0025,0017,impostor,0.829822,0.978187,ACCEPT,FA
Dual_Occlusion,0025,0018,impostor,1.017824,0.978187,REJECT,TR
Dual_Occlusion,0025,0019,impostor,1.115844,0.978187,REJECT,TR
Dual_Occlusion,0025,0020,impostor,0.946942,0.978187,ACCEPT,FA
Dual_Occlusion,0025,0021,impostor,1.259546,0.978187,REJECT,TR
Dual_Occlusion,0025,0022,impostor,1.008748,0.978187,REJECT,TR
Dual_Occlusion,0025,0023,impostor,1.007458,0.978187,REJECT,TR
Dual_Occlusion,0025,0024,impostor,1.052036,0.978187,REJECT,TR
Dual_Occlusion,0025,0025,genuine,1.013205,0.978187,REJECT,FR
Dual_Occlusion,0025,0026,impostor,0.987987,0.978187,REJECT,TR
Dual_Occlusion,0025,0027,impostor,0.928964,0.978187,ACCEPT,FA
Dual_Occlusion,0025,0001,impostor,0.971667,0.978187,ACCEPT,FA
Dual_Occlusion,0025,0003,impostor,0.922155,0.978187,ACCEPT,FA
Dual_Occlusion,0025,0004,impostor,0.967566,0.978187,ACCEPT,FA
Dual_Occlusion,0025,0005,impostor,1.036606,0.978187,REJECT,TR
Dual_Occlusion,0025,0006,impostor,1.059023,0.978187,REJECT,TR
Dual_Occlusion,0025,0007,impostor,1.01199,0.978187,REJECT,TR
Dual_Occlusion,0025,0009,impostor,0.962584,0.978187,ACCEPT,FA
Dual_Occlusion,0025,0010,impostor,0.933326,0.978187,ACCEPT,FA
Dual_Occlusion,0025,0011,impostor,1.160917,0.978187,REJECT,TR
Dual_Occlusion,0025,0012,impostor,0.953096,0.978187,ACCEPT,FA
Dual_Occlusion,0025,0013,impostor,0.93389,0.978187,ACCEPT,FA
Dual_Occlusion,0025,0014,impostor,0.96229,0.978187,ACCEPT,FA
Dual_Occlusion,0025,0015,impostor,0.800643,0.978187,ACCEPT,FA
Dual_Occlusion,0025,0016,impostor,0.890894,0.978187,ACCEPT,FA
Dual_Occlusion,0025,0017,impostor,0.794519,0.978187,ACCEPT,FA
Dual_Occlusion,0025,0018,impostor,0.968439,0.978187,ACCEPT,FA
Dual_Occlusion,0025,0019,impostor,1.045935,0.978187,REJECT,TR
Dual_Occlusion,0025,0020,impostor,0.893656,0.978187,ACCEPT,FA
Dual_Occlusion,0025,0021,impostor,1.197589,0.978187,REJECT,TR
Dual_Occlusion,0025,0022,impostor,1.028622,0.978187,REJECT,TR
Dual_Occlusion,0025,0023,impostor,0.984192,0.978187,REJECT,TR
Dual_Occlusion,0025,0024,impostor,1.06968,0.978187,REJECT,TR
Dual_Occlusion,0025,0025,genuine,0.931657,0.978187,ACCEPT,TA
Dual_Occlusion,0025,0026,impostor,1.040535,0.978187,REJECT,TR
Dual_Occlusion,0025,0027,impostor,0.974113,0.978187,ACCEPT,FA
Dual_Occlusion,0025,0001,impostor,0.979848,0.978187,REJECT,TR
Dual_Occlusion,0025,0003,impostor,0.928052,0.978187,ACCEPT,FA
Dual_Occlusion,0025,0004,impostor,0.954426,0.978187,ACCEPT,FA
Dual_Occlusion,0025,0005,impostor,1.030541,0.978187,REJECT,TR
Dual_Occlusion,0025,0006,impostor,1.014822,0.978187,REJECT,TR
Dual_Occlusion,0025,0007,impostor,1.00314,0.978187,REJECT,TR
Dual_Occlusion,0025,0009,impostor,0.992813,0.978187,REJECT,TR
Dual_Occlusion,0025,0010,impostor,0.915044,0.978187,ACCEPT,FA
Dual_Occlusion,0025,0011,impostor,1.175199,0.978187,REJECT,TR
Dual_Occlusion,0025,0012,impostor,1.007216,0.978187,REJECT,TR
Dual_Occlusion,0025,0013,impostor,0.943508,0.978187,ACCEPT,FA
Dual_Occlusion,0025,0014,impostor,0.989705,0.978187,REJECT,TR
Dual_Occlusion,0025,0015,impostor,0.802865,0.978187,ACCEPT,FA
Dual_Occlusion,0025,0016,impostor,0.889078,0.978187,ACCEPT,FA
Dual_Occlusion,0025,0017,impostor,0.745013,0.978187,ACCEPT,FA
Dual_Occlusion,0025,0018,impostor,1.003874,0.978187,REJECT,TR
Dual_Occlusion,0025,0019,impostor,1.025639,0.978187,REJECT,TR
Dual_Occlusion,0025,0020,impostor,0.885696,0.978187,ACCEPT,FA
Dual_Occlusion,0025,0021,impostor,1.158328,0.978187,REJECT,TR
Dual_Occlusion,0025,0022,impostor,0.988703,0.978187,REJECT,TR
Dual_Occlusion,0025,0023,impostor,0.994706,0.978187,REJECT,TR
Dual_Occlusion,0025,0024,impostor,1.016255,0.978187,REJECT,TR
Dual_Occlusion,0025,0025,genuine,0.897355,0.978187,ACCEPT,TA
Dual_Occlusion,0025,0026,impostor,1.014597,0.978187,REJECT,TR
Dual_Occlusion,0025,0027,impostor,0.986909,0.978187,REJECT,TR
Dual_Occlusion,0026,0001,impostor,1.002524,0.978187,REJECT,TR
Dual_Occlusion,0026,0003,impostor,0.976186,0.978187,ACCEPT,FA
Dual_Occlusion,0026,0004,impostor,0.996042,0.978187,REJECT,TR
Dual_Occlusion,0026,0005,impostor,1.139344,0.978187,REJECT,TR
Dual_Occlusion,0026,0006,impostor,1.213928,0.978187,REJECT,TR
Dual_Occlusion,0026,0007,impostor,1.09976,0.978187,REJECT,TR
Dual_Occlusion,0026,0009,impostor,0.938754,0.978187,ACCEPT,FA
Dual_Occlusion,0026,0010,impostor,1.046656,0.978187,REJECT,TR
Dual_Occlusion,0026,0011,impostor,1.169586,0.978187,REJECT,TR
Dual_Occlusion,0026,0012,impostor,0.806669,0.978187,ACCEPT,FA
Dual_Occlusion,0026,0013,impostor,0.960547,0.978187,ACCEPT,FA
Dual_Occlusion,0026,0014,impostor,0.950945,0.978187,ACCEPT,FA
Dual_Occlusion,0026,0015,impostor,0.905434,0.978187,ACCEPT,FA
Dual_Occlusion,0026,0016,impostor,0.985547,0.978187,REJECT,TR
Dual_Occlusion,0026,0017,impostor,0.992382,0.978187,REJECT,TR
Dual_Occlusion,0026,0018,impostor,1.034046,0.978187,REJECT,TR
Dual_Occlusion,0026,0019,impostor,1.149342,0.978187,REJECT,TR
Dual_Occlusion,0026,0020,impostor,0.99782,0.978187,REJECT,TR
Dual_Occlusion,0026,0021,impostor,1.308144,0.978187,REJECT,TR
Dual_Occlusion,0026,0022,impostor,1.054316,0.978187,REJECT,TR
Dual_Occlusion,0026,0023,impostor,1.044779,0.978187,REJECT,TR
Dual_Occlusion,0026,0024,impostor,1.104814,0.978187,REJECT,TR
Dual_Occlusion,0026,0025,impostor,1.202942,0.978187,REJECT,TR
Dual_Occlusion,0026,0026,genuine,0.963038,0.978187,ACCEPT,TA
Dual_Occlusion,0026,0027,impostor,0.804703,0.978187,ACCEPT,FA
Dual_Occlusion,0026,0001,impostor,1.035011,0.978187,REJECT,TR
Dual_Occlusion,0026,0003,impostor,0.956876,0.978187,ACCEPT,FA
Dual_Occlusion,0026,0004,impostor,0.984143,0.978187,REJECT,TR
Dual_Occlusion,0026,0005,impostor,1.12103,0.978187,REJECT,TR
Dual_Occlusion,0026,0006,impostor,1.16924,0.978187,REJECT,TR
Dual_Occlusion,0026,0007,impostor,1.148637,0.978187,REJECT,TR
Dual_Occlusion,0026,0009,impostor,0.909367,0.978187,ACCEPT,FA
Dual_Occlusion,0026,0010,impostor,1.056236,0.978187,REJECT,TR
Dual_Occlusion,0026,0011,impostor,1.165263,0.978187,REJECT,TR
Dual_Occlusion,0026,0012,impostor,0.846411,0.978187,ACCEPT,FA
Dual_Occlusion,0026,0013,impostor,0.944963,0.978187,ACCEPT,FA
Dual_Occlusion,0026,0014,impostor,0.955872,0.978187,ACCEPT,FA
Dual_Occlusion,0026,0015,impostor,0.853869,0.978187,ACCEPT,FA
Dual_Occlusion,0026,0016,impostor,0.972553,0.978187,ACCEPT,FA
Dual_Occlusion,0026,0017,impostor,1.019766,0.978187,REJECT,TR
Dual_Occlusion,0026,0018,impostor,1.031188,0.978187,REJECT,TR
Dual_Occlusion,0026,0019,impostor,1.152447,0.978187,REJECT,TR
Dual_Occlusion,0026,0020,impostor,1.03056,0.978187,REJECT,TR
Dual_Occlusion,0026,0021,impostor,1.291135,0.978187,REJECT,TR
Dual_Occlusion,0026,0022,impostor,1.056057,0.978187,REJECT,TR
Dual_Occlusion,0026,0023,impostor,1.001621,0.978187,REJECT,TR
Dual_Occlusion,0026,0024,impostor,1.067265,0.978187,REJECT,TR
Dual_Occlusion,0026,0025,impostor,1.18324,0.978187,REJECT,TR
Dual_Occlusion,0026,0026,genuine,0.95749,0.978187,ACCEPT,TA
Dual_Occlusion,0026,0027,impostor,0.797379,0.978187,ACCEPT,FA
Dual_Occlusion,0026,0001,impostor,0.985562,0.978187,REJECT,TR
Dual_Occlusion,0026,0003,impostor,0.934246,0.978187,ACCEPT,FA
Dual_Occlusion,0026,0004,impostor,0.947822,0.978187,ACCEPT,FA
Dual_Occlusion,0026,0005,impostor,1.110143,0.978187,REJECT,TR
Dual_Occlusion,0026,0006,impostor,1.168501,0.978187,REJECT,TR
Dual_Occlusion,0026,0007,impostor,1.002794,0.978187,REJECT,TR
Dual_Occlusion,0026,0009,impostor,0.868933,0.978187,ACCEPT,FA
Dual_Occlusion,0026,0010,impostor,0.917081,0.978187,ACCEPT,FA
Dual_Occlusion,0026,0011,impostor,1.192621,0.978187,REJECT,TR
Dual_Occlusion,0026,0012,impostor,0.814358,0.978187,ACCEPT,FA
Dual_Occlusion,0026,0013,impostor,0.975267,0.978187,ACCEPT,FA
Dual_Occlusion,0026,0014,impostor,0.982224,0.978187,REJECT,TR
Dual_Occlusion,0026,0015,impostor,0.861754,0.978187,ACCEPT,FA
Dual_Occlusion,0026,0016,impostor,0.922108,0.978187,ACCEPT,FA
Dual_Occlusion,0026,0017,impostor,0.890516,0.978187,ACCEPT,FA
Dual_Occlusion,0026,0018,impostor,1.054482,0.978187,REJECT,TR
Dual_Occlusion,0026,0019,impostor,1.091112,0.978187,REJECT,TR
Dual_Occlusion,0026,0020,impostor,0.980674,0.978187,REJECT,TR
Dual_Occlusion,0026,0021,impostor,1.263954,0.978187,REJECT,TR
Dual_Occlusion,0026,0022,impostor,1.007233,0.978187,REJECT,TR
Dual_Occlusion,0026,0023,impostor,1.001167,0.978187,REJECT,TR
Dual_Occlusion,0026,0024,impostor,1.086598,0.978187,REJECT,TR
Dual_Occlusion,0026,0025,impostor,1.155924,0.978187,REJECT,TR
Dual_Occlusion,0026,0026,genuine,0.928448,0.978187,ACCEPT,TA
Dual_Occlusion,0026,0027,impostor,0.853538,0.978187,ACCEPT,FA
Dual_Occlusion,0026,0001,impostor,1.007984,0.978187,REJECT,TR
Dual_Occlusion,0026,0003,impostor,0.989796,0.978187,REJECT,TR
Dual_Occlusion,0026,0004,impostor,0.951591,0.978187,ACCEPT,FA
Dual_Occlusion,0026,0005,impostor,1.040135,0.978187,REJECT,TR
Dual_Occlusion,0026,0006,impostor,1.114932,0.978187,REJECT,TR
Dual_Occlusion,0026,0007,impostor,0.919303,0.978187,ACCEPT,FA
Dual_Occlusion,0026,0009,impostor,0.902818,0.978187,ACCEPT,FA
Dual_Occlusion,0026,0010,impostor,0.925809,0.978187,ACCEPT,FA
Dual_Occlusion,0026,0011,impostor,1.080716,0.978187,REJECT,TR
Dual_Occlusion,0026,0012,impostor,0.865813,0.978187,ACCEPT,FA
Dual_Occlusion,0026,0013,impostor,1.00591,0.978187,REJECT,TR
Dual_Occlusion,0026,0014,impostor,1.072702,0.978187,REJECT,TR
Dual_Occlusion,0026,0015,impostor,1.009117,0.978187,REJECT,TR
Dual_Occlusion,0026,0016,impostor,0.83766,0.978187,ACCEPT,FA
Dual_Occlusion,0026,0017,impostor,0.855941,0.978187,ACCEPT,FA
Dual_Occlusion,0026,0018,impostor,1.02865,0.978187,REJECT,TR
Dual_Occlusion,0026,0019,impostor,1.018806,0.978187,REJECT,TR
Dual_Occlusion,0026,0020,impostor,0.992745,0.978187,REJECT,TR
Dual_Occlusion,0026,0021,impostor,1.144383,0.978187,REJECT,TR
Dual_Occlusion,0026,0022,impostor,0.914075,0.978187,ACCEPT,FA
Dual_Occlusion,0026,0023,impostor,1.012476,0.978187,REJECT,TR
Dual_Occlusion,0026,0024,impostor,1.015362,0.978187,REJECT,TR
Dual_Occlusion,0026,0025,impostor,1.032137,0.978187,REJECT,TR
Dual_Occlusion,0026,0026,genuine,0.972302,0.978187,ACCEPT,TA
Dual_Occlusion,0026,0027,impostor,0.929415,0.978187,ACCEPT,FA
Dual_Occlusion,0026,0001,impostor,0.926924,0.978187,ACCEPT,FA
Dual_Occlusion,0026,0003,impostor,1.011609,0.978187,REJECT,TR
Dual_Occlusion,0026,0004,impostor,0.954842,0.978187,ACCEPT,FA
Dual_Occlusion,0026,0005,impostor,1.051399,0.978187,REJECT,TR
Dual_Occlusion,0026,0006,impostor,1.134881,0.978187,REJECT,TR
Dual_Occlusion,0026,0007,impostor,0.895827,0.978187,ACCEPT,FA
Dual_Occlusion,0026,0009,impostor,0.888042,0.978187,ACCEPT,FA
Dual_Occlusion,0026,0010,impostor,0.899958,0.978187,ACCEPT,FA
Dual_Occlusion,0026,0011,impostor,1.083021,0.978187,REJECT,TR
Dual_Occlusion,0026,0012,impostor,0.833953,0.978187,ACCEPT,FA
Dual_Occlusion,0026,0013,impostor,0.911102,0.978187,ACCEPT,FA
Dual_Occlusion,0026,0014,impostor,0.986508,0.978187,REJECT,TR
Dual_Occlusion,0026,0015,impostor,0.919221,0.978187,ACCEPT,FA
Dual_Occlusion,0026,0016,impostor,0.83875,0.978187,ACCEPT,FA
Dual_Occlusion,0026,0017,impostor,0.930475,0.978187,ACCEPT,FA
Dual_Occlusion,0026,0018,impostor,1.029121,0.978187,REJECT,TR
Dual_Occlusion,0026,0019,impostor,1.030023,0.978187,REJECT,TR
Dual_Occlusion,0026,0020,impostor,0.952242,0.978187,ACCEPT,FA
Dual_Occlusion,0026,0021,impostor,1.207365,0.978187,REJECT,TR
Dual_Occlusion,0026,0022,impostor,0.969302,0.978187,ACCEPT,FA
Dual_Occlusion,0026,0023,impostor,0.984275,0.978187,REJECT,TR
Dual_Occlusion,0026,0024,impostor,1.061422,0.978187,REJECT,TR
Dual_Occlusion,0026,0025,impostor,1.100441,0.978187,REJECT,TR
Dual_Occlusion,0026,0026,genuine,1.008648,0.978187,REJECT,FR
Dual_Occlusion,0026,0027,impostor,0.853437,0.978187,ACCEPT,FA
Dual_Occlusion,0027,0001,impostor,0.965603,0.978187,ACCEPT,FA
Dual_Occlusion,0027,0003,impostor,1.061292,0.978187,REJECT,TR
Dual_Occlusion,0027,0004,impostor,1.001885,0.978187,REJECT,TR
Dual_Occlusion,0027,0005,impostor,1.033929,0.978187,REJECT,TR
Dual_Occlusion,0027,0006,impostor,1.187088,0.978187,REJECT,TR
Dual_Occlusion,0027,0007,impostor,0.940665,0.978187,ACCEPT,FA
Dual_Occlusion,0027,0009,impostor,0.905167,0.978187,ACCEPT,FA
Dual_Occlusion,0027,0010,impostor,1.001407,0.978187,REJECT,TR
Dual_Occlusion,0027,0011,impostor,1.13175,0.978187,REJECT,TR
Dual_Occlusion,0027,0012,impostor,0.80105,0.978187,ACCEPT,FA
Dual_Occlusion,0027,0013,impostor,0.965122,0.978187,ACCEPT,FA
Dual_Occlusion,0027,0014,impostor,0.912203,0.978187,ACCEPT,FA
Dual_Occlusion,0027,0015,impostor,0.946616,0.978187,ACCEPT,FA
Dual_Occlusion,0027,0016,impostor,0.94692,0.978187,ACCEPT,FA
Dual_Occlusion,0027,0017,impostor,0.977516,0.978187,ACCEPT,FA
Dual_Occlusion,0027,0018,impostor,1.121675,0.978187,REJECT,TR
Dual_Occlusion,0027,0019,impostor,1.04332,0.978187,REJECT,TR
Dual_Occlusion,0027,0020,impostor,0.95676,0.978187,ACCEPT,FA
Dual_Occlusion,0027,0021,impostor,1.267895,0.978187,REJECT,TR
Dual_Occlusion,0027,0022,impostor,1.015628,0.978187,REJECT,TR
Dual_Occlusion,0027,0023,impostor,1.028628,0.978187,REJECT,TR
Dual_Occlusion,0027,0024,impostor,1.047869,0.978187,REJECT,TR
Dual_Occlusion,0027,0025,impostor,1.149918,0.978187,REJECT,TR
Dual_Occlusion,0027,0026,impostor,0.988425,0.978187,REJECT,TR
Dual_Occlusion,0027,0027,genuine,0.908398,0.978187,ACCEPT,TA
Dual_Occlusion,0027,0001,impostor,0.940734,0.978187,ACCEPT,FA
Dual_Occlusion,0027,0003,impostor,1.043433,0.978187,REJECT,TR
Dual_Occlusion,0027,0004,impostor,0.992237,0.978187,REJECT,TR
Dual_Occlusion,0027,0005,impostor,1.067722,0.978187,REJECT,TR
Dual_Occlusion,0027,0006,impostor,1.148231,0.978187,REJECT,TR
Dual_Occlusion,0027,0007,impostor,0.97028,0.978187,ACCEPT,FA
Dual_Occlusion,0027,0009,impostor,0.893536,0.978187,ACCEPT,FA
Dual_Occlusion,0027,0010,impostor,0.98338,0.978187,REJECT,TR
Dual_Occlusion,0027,0011,impostor,1.091202,0.978187,REJECT,TR
Dual_Occlusion,0027,0012,impostor,0.799405,0.978187,ACCEPT,FA
Dual_Occlusion,0027,0013,impostor,0.95703,0.978187,ACCEPT,FA
Dual_Occlusion,0027,0014,impostor,0.91477,0.978187,ACCEPT,FA
Dual_Occlusion,0027,0015,impostor,0.905894,0.978187,ACCEPT,FA
Dual_Occlusion,0027,0016,impostor,0.926573,0.978187,ACCEPT,FA
Dual_Occlusion,0027,0017,impostor,1.003888,0.978187,REJECT,TR
Dual_Occlusion,0027,0018,impostor,1.079071,0.978187,REJECT,TR
Dual_Occlusion,0027,0019,impostor,1.071717,0.978187,REJECT,TR
Dual_Occlusion,0027,0020,impostor,0.955276,0.978187,ACCEPT,FA
Dual_Occlusion,0027,0021,impostor,1.28059,0.978187,REJECT,TR
Dual_Occlusion,0027,0022,impostor,0.995372,0.978187,REJECT,TR
Dual_Occlusion,0027,0023,impostor,1.002541,0.978187,REJECT,TR
Dual_Occlusion,0027,0024,impostor,1.052282,0.978187,REJECT,TR
Dual_Occlusion,0027,0025,impostor,1.15008,0.978187,REJECT,TR
Dual_Occlusion,0027,0026,impostor,0.969044,0.978187,ACCEPT,FA
Dual_Occlusion,0027,0027,genuine,0.834281,0.978187,ACCEPT,TA
Dual_Occlusion,0027,0001,impostor,1.001252,0.978187,REJECT,TR
Dual_Occlusion,0027,0003,impostor,0.977333,0.978187,ACCEPT,FA
Dual_Occlusion,0027,0004,impostor,1.029762,0.978187,REJECT,TR
Dual_Occlusion,0027,0005,impostor,1.102345,0.978187,REJECT,TR
Dual_Occlusion,0027,0006,impostor,1.178499,0.978187,REJECT,TR
Dual_Occlusion,0027,0007,impostor,1.069885,0.978187,REJECT,TR
Dual_Occlusion,0027,0009,impostor,0.886807,0.978187,ACCEPT,FA
Dual_Occlusion,0027,0010,impostor,1.03541,0.978187,REJECT,TR
Dual_Occlusion,0027,0011,impostor,1.123711,0.978187,REJECT,TR
Dual_Occlusion,0027,0012,impostor,0.81273,0.978187,ACCEPT,FA
Dual_Occlusion,0027,0013,impostor,0.975581,0.978187,ACCEPT,FA
Dual_Occlusion,0027,0014,impostor,0.945303,0.978187,ACCEPT,FA
Dual_Occlusion,0027,0015,impostor,0.880174,0.978187,ACCEPT,FA
Dual_Occlusion,0027,0016,impostor,0.907292,0.978187,ACCEPT,FA
Dual_Occlusion,0027,0017,impostor,1.037873,0.978187,REJECT,TR
Dual_Occlusion,0027,0018,impostor,1.046289,0.978187,REJECT,TR
Dual_Occlusion,0027,0019,impostor,1.174205,0.978187,REJECT,TR
Dual_Occlusion,0027,0020,impostor,1.008441,0.978187,REJECT,TR
Dual_Occlusion,0027,0021,impostor,1.304429,0.978187,REJECT,TR
Dual_Occlusion,0027,0022,impostor,0.992972,0.978187,REJECT,TR
Dual_Occlusion,0027,0023,impostor,1.007594,0.978187,REJECT,TR
Dual_Occlusion,0027,0024,impostor,1.039275,0.978187,REJECT,TR
Dual_Occlusion,0027,0025,impostor,1.160334,0.978187,REJECT,TR
Dual_Occlusion,0027,0026,impostor,0.953506,0.978187,ACCEPT,FA
Dual_Occlusion,0027,0027,genuine,0.804791,0.978187,ACCEPT,TA
Dual_Occlusion,0027,0001,impostor,1.001579,0.978187,REJECT,TR
Dual_Occlusion,0027,0003,impostor,0.99266,0.978187,REJECT,TR
Dual_Occlusion,0027,0004,impostor,0.999865,0.978187,REJECT,TR
Dual_Occlusion,0027,0005,impostor,1.089671,0.978187,REJECT,TR
Dual_Occlusion,0027,0006,impostor,1.165452,0.978187,REJECT,TR
Dual_Occlusion,0027,0007,impostor,1.09223,0.978187,REJECT,TR
Dual_Occlusion,0027,0009,impostor,0.897228,0.978187,ACCEPT,FA
Dual_Occlusion,0027,0010,impostor,1.053478,0.978187,REJECT,TR
Dual_Occlusion,0027,0011,impostor,1.126681,0.978187,REJECT,TR
Dual_Occlusion,0027,0012,impostor,0.798265,0.978187,ACCEPT,FA
Dual_Occlusion,0027,0013,impostor,0.953377,0.978187,ACCEPT,FA
Dual_Occlusion,0027,0014,impostor,0.929614,0.978187,ACCEPT,FA
Dual_Occlusion,0027,0015,impostor,0.859608,0.978187,ACCEPT,FA
Dual_Occlusion,0027,0016,impostor,0.951663,0.978187,ACCEPT,FA
Dual_Occlusion,0027,0017,impostor,1.003696,0.978187,REJECT,TR
Dual_Occlusion,0027,0018,impostor,1.085241,0.978187,REJECT,TR
Dual_Occlusion,0027,0019,impostor,1.162341,0.978187,REJECT,TR
Dual_Occlusion,0027,0020,impostor,0.994116,0.978187,REJECT,TR
Dual_Occlusion,0027,0021,impostor,1.287712,0.978187,REJECT,TR
Dual_Occlusion,0027,0022,impostor,1.006027,0.978187,REJECT,TR
Dual_Occlusion,0027,0023,impostor,0.967297,0.978187,ACCEPT,FA
Dual_Occlusion,0027,0024,impostor,1.03314,0.978187,REJECT,TR
Dual_Occlusion,0027,0025,impostor,1.162632,0.978187,REJECT,TR
Dual_Occlusion,0027,0026,impostor,0.952174,0.978187,ACCEPT,FA
Dual_Occlusion,0027,0027,genuine,0.829795,0.978187,ACCEPT,TA
Dual_Occlusion,0027,0001,impostor,0.936882,0.978187,ACCEPT,FA
Dual_Occlusion,0027,0003,impostor,0.985278,0.978187,REJECT,TR
Dual_Occlusion,0027,0004,impostor,0.954858,0.978187,ACCEPT,FA
Dual_Occlusion,0027,0005,impostor,1.048016,0.978187,REJECT,TR
Dual_Occlusion,0027,0006,impostor,1.154273,0.978187,REJECT,TR
Dual_Occlusion,0027,0007,impostor,0.94913,0.978187,ACCEPT,FA
Dual_Occlusion,0027,0009,impostor,0.863979,0.978187,ACCEPT,FA
Dual_Occlusion,0027,0010,impostor,0.928664,0.978187,ACCEPT,FA
Dual_Occlusion,0027,0011,impostor,1.14738,0.978187,REJECT,TR
Dual_Occlusion,0027,0012,impostor,0.784242,0.978187,ACCEPT,FA
Dual_Occlusion,0027,0013,impostor,0.939707,0.978187,ACCEPT,FA
Dual_Occlusion,0027,0014,impostor,0.952384,0.978187,ACCEPT,FA
Dual_Occlusion,0027,0015,impostor,0.917259,0.978187,ACCEPT,FA
Dual_Occlusion,0027,0016,impostor,0.938997,0.978187,ACCEPT,FA
Dual_Occlusion,0027,0017,impostor,0.942416,0.978187,ACCEPT,FA
Dual_Occlusion,0027,0018,impostor,1.035581,0.978187,REJECT,TR
Dual_Occlusion,0027,0019,impostor,1.044283,0.978187,REJECT,TR
Dual_Occlusion,0027,0020,impostor,0.931304,0.978187,ACCEPT,FA
Dual_Occlusion,0027,0021,impostor,1.271096,0.978187,REJECT,TR
Dual_Occlusion,0027,0022,impostor,1.021087,0.978187,REJECT,TR
Dual_Occlusion,0027,0023,impostor,0.991569,0.978187,REJECT,TR
Dual_Occlusion,0027,0024,impostor,1.114243,0.978187,REJECT,TR
Dual_Occlusion,0027,0025,impostor,1.161785,0.978187,REJECT,TR
Dual_Occlusion,0027,0026,impostor,0.988093,0.978187,REJECT,TR
Dual_Occlusion,0027,0027,genuine,0.832918,0.978187,ACCEPT,TA
